performance_id,player_id,match_id,goals_scored,yellow_cards,red_cards
1,1391,77,1,0,0
2,4340,545,2,0,0
3,5564,582,1,0,0
4,2331,226,2,0,0
5,2331,230,1,0,0
6,917,67,1,0,0
7,917,90,1,0,0
8,7703,922,1,0,0
9,7703,951,1,0,0
10,4669,466,1,0,0
11,4669,476,1,0,0
12,5723,660,1,0,0
13,3633,374,1,1,0
14,5651,588,1,1,0
15,2446,214,1,0,0
16,6759,730,1,0,0
17,2053,176,1,0,0
18,6563,750,1,1,0
19,7019,811,2,0,0
20,4145,414,2,1,0
21,3394,359,1,0,0
22,1718,224,1,0,0
23,1221,88,2,0,0
24,1221,96,1,0,0
25,1221,98,1,0,0
26,4915,630,1,0,0
27,4316,419,1,0,0
28,4316,427,1,0,0
29,6664,722,1,0,0
30,5614,631,2,0,0
31,2622,301,1,0,0
32,2622,304,1,1,0
33,1736,146,1,0,0
34,1736,165,1,0,0
35,4703,478,2,0,0
36,1801,152,1,0,0
37,6498,786,1,0,0
38,6498,800,1,0,0
39,6498,915,1,1,0
40,523,25,1,0,0
41,2424,209,2,0,0
42,2424,217,2,0,0
43,7332,840,2,0,0
44,7332,856,1,0,0
45,4010,444,1,0,0
46,113,38,1,0,0
47,7413,931,1,0,0
48,5081,568,1,0,0
49,2399,219,1,0,0
50,3992,415,1,0,0
51,3992,449,1,0,0
52,5164,586,1,0,0
53,3097,364,2,0,0
54,3097,387,1,0,0
55,3097,412,1,0,0
56,7508,895,1,1,0
57,3243,316,2,0,0
58,5991,681,1,0,0
59,5271,593,1,1,0
60,6079,666,1,0,0
61,5438,615,1,0,0
62,991,58,2,0,0
63,5390,662,1,0,0
64,3426,326,1,0,0
65,3426,386,1,0,0
66,1855,153,1,0,0
67,5087,551,1,1,0
68,5270,625,1,0,0
69,577,38,1,0,0
70,433,33,1,0,0
71,3001,329,1,0,0
72,1189,125,1,0,0
73,2381,204,1,0,0
74,2381,225,1,0,0
75,438,23,2,0,0
76,438,35,1,0,0
77,2973,288,2,0,0
78,2973,333,1,0,0
79,2973,346,3,0,0
80,4778,517,1,1,0
81,4778,566,2,0,0
82,2833,331,1,0,0
83,2897,347,1,0,0
84,1878,155,1,0,0
85,5527,627,1,0,0
86,4109,498,1,0,0
87,5246,528,1,0,0
88,5246,544,1,0,0
89,6252,656,1,0,0
90,391,21,1,0,0
91,1971,232,1,0,0
92,1327,92,1,0,0
93,1333,89,3,0,0
94,3892,383,1,0,0
95,3892,409,1,0,0
96,3892,412,1,0,0
97,3892,419,1,0,0
98,3892,430,2,0,0
99,3892,501,2,0,0
100,7850,891,1,0,0
101,5592,625,1,0,0
102,2484,247,1,0,0
103,2484,255,1,0,0
104,2484,266,1,0,0
105,2484,306,1,0,0
106,7106,797,1,0,0
107,3548,361,1,0,0
108,3548,499,1,0,0
109,1790,144,1,0,0
110,1790,148,1,0,0
111,7954,954,1,0,0
112,6521,727,1,0,0
113,2033,173,1,0,0
114,2871,279,1,0,0
115,8267,946,1,0,0
116,106,1,1,0,0
117,3252,331,1,0,0
118,3252,345,1,0,0
119,3252,411,1,0,0
120,1941,145,1,0,0
121,1941,157,2,0,0
122,3431,365,1,0,0
123,277,34,1,0,0
124,1837,159,1,0,0
125,285,27,1,0,0
126,3525,435,1,0,0
127,5766,627,1,0,0
128,5766,633,1,0,0
129,5766,730,1,0,0
130,5766,746,1,0,0
131,5766,758,1,0,0
132,1372,82,1,0,0
133,1372,92,3,0,0
134,1372,99,1,0,0
135,1372,101,1,0,0
136,6172,683,1,0,0
137,1858,141,1,0,0
138,1858,149,1,0,0
139,4192,438,1,0,0
140,7138,817,1,0,0
141,3259,316,1,0,0
142,6402,929,1,0,0
143,152,13,1,0,0
144,193,16,1,0,0
145,3865,436,3,0,0
146,3865,445,1,0,0
147,1725,204,1,0,0
148,6178,726,1,0,0
149,6178,744,1,0,0
150,7083,779,1,0,0
151,3118,309,1,0,0
152,3118,367,1,0,0
153,3648,376,1,0,0
154,725,40,1,0,0
155,1220,81,3,0,0
156,1220,88,4,0,0
157,1220,96,2,0,0
158,1220,98,2,0,0
159,3903,504,1,0,0
160,1982,182,1,0,0
161,7336,781,1,0,0
162,7313,877,1,0,0
163,7313,946,1,0,0
164,1581,106,1,0,0
165,3928,441,1,0,0
166,6304,675,1,0,0
167,6715,747,1,0,0
168,7343,880,1,0,0
169,6800,711,1,0,0
170,6800,744,1,0,0
171,1767,149,1,0,0
172,1089,55,1,0,0
173,1089,60,1,0,0
174,4383,483,1,0,0
175,2349,213,2,0,0
176,7109,797,1,0,0
177,1371,88,1,0,0
178,1371,97,1,0,0
179,1371,101,2,0,0
180,1371,103,2,0,0
181,1371,111,1,0,0
182,1371,120,1,0,0
183,1371,132,1,0,0
184,1371,135,1,0,0
185,7087,952,1,0,0
186,4032,417,1,0,0
187,4032,429,1,0,0
188,5409,630,1,0,0
189,7476,843,1,1,0
190,1487,135,1,0,0
191,94,10,1,0,0
192,94,15,1,0,0
193,5197,556,2,0,0
194,5197,602,2,0,0
195,5197,632,1,0,0
196,1476,148,1,0,0
197,1476,184,1,0,0
198,1476,198,2,0,0
199,7548,910,1,0,0
200,2845,282,1,0,0
201,2845,331,1,0,0
202,2845,358,1,0,0
203,2845,401,1,0,0
204,2845,405,1,0,0
205,1139,76,1,0,0
206,1139,96,1,0,0
207,5284,621,1,0,0
208,4508,486,1,0,0
209,5016,626,1,0,0
210,7839,911,1,0,0
211,5976,686,1,1,0
212,312,24,1,0,0
213,312,41,3,0,0
214,312,45,1,0,0
215,312,49,1,0,0
216,312,52,2,0,0
217,8114,962,1,0,0
218,1375,92,1,0,0
219,1375,99,2,0,0
220,4375,491,1,0,0
221,3031,273,1,0,0
222,7353,804,1,1,0
223,7699,881,1,0,0
224,7860,865,1,0,0
225,1522,114,1,0,0
226,1611,102,1,0,0
227,1611,136,1,0,0
228,8096,936,1,0,0
229,1349,98,2,0,0
230,1349,100,1,0,0
231,6489,716,1,1,0
232,7923,924,1,0,0
233,7923,950,1,0,0
234,3276,317,1,0,0
235,3846,365,1,0,0
236,3846,398,3,0,0
237,3845,438,1,1,0
238,248,25,1,0,0
239,3406,314,2,0,0
240,6857,725,1,0,0
241,2186,200,1,0,0
242,4106,423,1,1,0
243,7039,778,1,0,0
244,6525,824,1,0,0
245,422,22,1,0,0
246,1594,116,1,0,0
247,1594,141,1,0,0
248,1594,149,2,0,0
249,1594,153,1,0,0
250,8428,935,1,0,0
251,278,19,1,0,0
252,7882,863,1,0,0
253,2609,239,1,0,0
254,2609,279,1,0,0
255,6873,787,1,0,0
256,4936,538,1,0,0
257,2857,287,1,0,0
258,1924,170,2,0,0
259,1924,196,2,0,0
260,1924,197,1,0,0
261,1924,200,1,0,0
262,3409,323,1,0,0
263,4592,490,1,1,0
264,4592,548,1,0,0
265,3514,400,1,0,0
266,1222,81,2,0,0
267,1222,88,1,0,0
268,1222,101,1,0,0
269,1635,107,1,0,0
270,6482,748,1,0,0
271,6482,826,1,0,0
272,1925,150,1,0,0
273,3855,380,1,0,0
274,3855,404,4,0,0
275,2818,399,1,1,0
276,6481,771,1,0,0
277,6481,833,1,0,0
278,3258,359,1,0,0
279,378,19,1,0,0
280,5363,605,1,0,0
281,5363,792,1,0,0
282,5866,762,1,0,0
283,5866,765,1,0,0
284,340,28,1,0,0
285,3425,350,1,0,0
286,2074,226,1,0,0
287,762,41,4,0,0
288,7408,863,1,0,0
289,7408,912,1,0,0
290,1684,140,1,0,0
291,6011,670,1,0,0
292,5842,687,1,0,0
293,3862,393,2,0,0
294,5051,518,1,0,0
295,5051,552,1,0,0
296,1319,80,1,0,0
297,1319,93,2,0,0
298,1319,94,3,0,0
299,6706,738,1,1,0
300,7018,793,1,0,0
301,7018,851,1,0,0
302,874,65,1,0,0
303,1819,158,1,0,0
304,5828,665,1,0,0
305,5828,783,1,0,0
306,5828,799,1,0,0
307,5828,814,2,0,0
308,5828,876,1,1,0
309,5828,905,1,0,0
310,5828,924,1,0,0
311,5828,950,1,0,0
312,5828,958,1,1,0
313,5828,961,1,0,0
314,5828,964,2,0,0
315,6738,720,1,0,0
316,6738,750,2,1,0
317,6738,761,1,0,0
318,2225,229,1,0,0
319,1720,152,1,0,0
320,6057,688,1,0,0
321,7621,871,1,0,0
322,4183,492,1,0,0
323,4183,594,1,0,0
324,2244,216,1,0,0
325,1873,151,1,0,0
326,1141,76,2,0,0
327,1330,89,1,0,0
328,8098,902,1,0,0
329,2721,281,2,0,0
330,666,36,1,0,0
331,7830,840,1,0,0
332,1907,137,1,0,0
333,1907,153,1,0,0
334,2971,359,1,0,0
335,6933,883,1,0,0
336,2847,272,1,0,0
337,3848,374,1,1,0
338,1051,68,1,0,0
339,1051,71,1,0,0
340,1051,73,1,0,0
341,1051,75,1,0,0
342,4034,450,1,0,0
343,5002,529,1,0,0
344,2986,294,2,1,0
345,7191,779,1,0,0
346,2911,336,1,0,0
347,3924,520,1,0,0
348,2633,253,2,0,0
349,2633,262,1,0,0
350,2633,267,1,0,0
351,2633,270,1,1,0
352,8281,918,1,0,0
353,1763,149,1,0,0
354,4161,432,1,0,0
355,1553,112,1,0,0
356,1553,122,1,0,0
357,2908,272,1,0,0
358,5023,626,1,0,0
359,3268,332,1,0,0
360,7110,825,1,0,0
361,7110,900,1,0,0
362,5427,584,1,0,0
363,1239,93,1,0,0
364,2865,274,1,0,0
365,6136,682,1,1,0
366,6136,696,1,1,0
367,6758,714,1,0,0
368,8235,934,1,0,0
369,839,54,1,0,0
370,839,59,1,0,0
371,839,76,1,0,0
372,7733,896,1,0,0
373,8259,915,1,0,0
374,6169,683,1,0,0
375,5565,616,1,0,0
376,6686,735,1,1,0
377,6893,814,1,0,0
378,6893,876,1,0,0
379,3863,380,1,0,0
380,3863,455,1,0,0
381,3863,466,1,0,0
382,3625,403,1,0,0
383,1056,68,3,0,0
384,1056,73,2,0,0
385,1056,79,1,0,0
386,1056,84,2,0,0
387,5961,645,1,0,0
388,185,4,1,0,0
389,213,14,1,0,0
390,213,17,3,0,0
391,213,18,1,0,0
392,6325,686,1,0,0
393,6325,713,1,0,0
394,6325,786,1,0,0
395,6325,804,1,0,0
396,3424,326,1,0,0
397,4810,549,1,0,0
398,4810,582,1,0,0
399,5946,741,1,0,0
400,7464,923,1,1,0
401,4017,420,1,0,0
402,7867,913,1,0,0
403,7867,948,1,0,0
404,4997,562,2,0,0
405,5392,607,1,1,0
406,5392,646,1,0,0
407,5392,662,1,0,0
408,3193,319,1,0,0
409,3193,340,1,1,0
410,1582,112,1,0,0
411,5099,647,1,0,0
412,3821,375,1,0,0
413,6337,803,1,0,0
414,6944,813,1,0,0
415,2377,212,1,0,0
416,4396,488,1,0,0
417,4396,511,1,0,0
418,7262,814,2,0,0
419,7262,861,2,0,0
420,4422,489,1,0,0
421,7912,939,1,0,0
422,7912,950,1,0,0
423,7912,961,2,0,0
424,1557,105,2,0,0
425,4745,618,1,0,0
426,4745,649,1,0,0
427,4745,665,1,1,0
428,4745,694,1,0,0
429,6760,730,1,0,0
430,1614,117,2,0,0
431,1614,131,1,0,0
432,1614,134,1,0,0
433,1964,186,1,0,0
434,5857,672,1,0,0
435,5857,699,1,1,0
436,2733,244,1,0,0
437,7737,837,1,0,0
438,1414,110,1,0,0
439,3137,338,1,0,0
440,3137,351,1,0,0
441,5992,651,1,0,0
442,4532,474,1,0,0
443,7254,806,1,0,0
444,5342,608,1,0,0
445,3729,392,2,0,0
446,8091,902,1,0,0
447,1803,144,1,0,0
448,1803,152,3,0,0
449,3598,384,1,0,0
450,3598,395,1,0,0
451,3598,404,1,0,0
452,6137,738,2,0,0
453,4486,508,1,1,0
454,4486,542,1,0,0
455,4632,474,1,1,0
456,4632,486,1,1,0
457,7091,902,1,0,0
458,2658,240,2,0,0
459,2658,248,2,0,0
460,2658,260,1,0,0
461,2658,263,1,0,0
462,2658,269,1,0,0
463,2658,280,1,0,0
464,2658,305,1,0,0
465,2658,333,1,0,0
466,847,75,1,0,0
467,2675,236,1,0,0
468,5072,769,1,0,0
469,5339,621,1,0,0
470,5339,645,2,0,0
471,924,69,1,0,0
472,5570,616,1,0,0
473,1739,138,2,0,0
474,1739,162,1,0,0
475,1739,165,1,0,0
476,5678,656,1,1,0
477,6996,791,1,0,0
478,5664,604,1,0,0
479,4527,498,1,0,0
480,4527,505,1,0,0
481,4527,510,1,0,0
482,4527,543,1,0,0
483,4527,570,1,0,0
484,4527,575,1,0,0
485,844,70,2,0,0
486,844,72,2,0,0
487,2673,236,1,0,0
488,2673,250,1,1,0
489,2673,278,1,0,0
490,2673,335,1,0,0
491,1554,112,1,0,0
492,1554,122,1,0,0
493,7744,837,1,1,0
494,4547,477,1,1,0
495,4547,507,1,0,0
496,7404,899,1,0,0
497,3637,385,1,0,0
498,3637,401,1,0,0
499,7223,851,1,0,0
500,4672,502,1,0,0
501,3340,314,1,0,0
502,4394,556,1,0,0
503,2952,278,1,0,0
504,6081,650,1,0,0
505,6081,761,1,1,0
506,6081,769,1,0,0
507,6081,775,2,0,0
508,6081,790,1,0,0
509,7790,852,1,0,0
510,8149,930,2,0,0
511,1219,88,1,0,0
512,5744,590,1,0,0
513,5744,622,1,1,0
514,8,15,1,0,0
515,1074,60,2,0,0
516,7866,956,1,0,0
517,1673,122,1,0,0
518,5166,554,2,0,0
519,685,50,1,0,0
520,685,53,1,0,0
521,977,57,1,0,0
522,977,72,1,0,0
523,3450,329,1,0,0
524,5199,524,1,0,0
525,5199,588,1,0,0
526,5199,620,2,0,0
527,5199,676,1,0,0
528,3528,390,1,0,0
529,7607,846,1,0,0
530,7035,943,1,0,0
531,6874,803,1,0,0
532,1184,91,1,0,0
533,2630,301,1,0,0
534,3120,398,1,0,0
535,3120,408,1,0,0
536,3120,411,1,0,0
537,3120,435,1,0,0
538,7285,804,1,0,0
539,1897,138,1,0,0
540,4553,539,1,1,0
541,5682,628,1,0,0
542,5682,673,1,0,0
543,5682,711,1,0,0
544,7055,792,2,0,0
545,7055,888,1,0,0
546,7055,898,1,1,0
547,7055,900,2,0,0
548,10,5,1,0,0
549,10,16,1,0,0
550,2224,232,1,0,0
551,7512,898,1,0,0
552,7614,926,1,0,0
553,2736,244,1,0,0
554,4230,418,1,0,0
555,4230,484,1,0,0
556,4230,512,1,0,0
557,4230,515,1,0,0
558,2924,367,1,1,0
559,3116,390,1,0,0
560,4325,576,1,0,0
561,4700,467,1,0,0
562,7606,878,1,0,0
563,5681,610,1,0,0
564,5681,636,1,0,0
565,5681,656,1,0,0
566,2783,274,1,0,0
567,2783,282,1,0,0
568,2783,306,2,0,0
569,1122,83,1,0,0
570,1102,94,2,0,0
571,1102,125,1,0,0
572,7265,876,1,0,0
573,970,57,1,0,0
574,970,61,1,0,0
575,970,71,2,0,0
576,8044,963,1,0,0
577,2577,252,1,1,0
578,8330,918,1,0,0
579,2844,287,1,0,0
580,8262,915,1,0,0
581,8262,956,1,0,0
582,3427,311,1,0,0
583,7256,790,1,0,0
584,7256,806,1,0,0
585,7256,949,1,0,0
586,7810,929,1,0,0
587,5434,584,3,0,0
588,5434,597,1,0,0
589,5434,615,1,0,0
590,5434,645,2,0,0
591,5434,678,2,0,0
592,5434,701,1,0,0
593,5434,716,1,0,0
594,5434,759,1,0,0
595,5434,767,2,0,0
596,5434,800,1,0,0
597,5434,833,1,0,0
598,3841,386,1,0,0
599,3841,438,1,0,0
600,632,42,1,0,0
601,4525,474,1,0,0
602,4525,505,1,0,0
603,4884,568,1,0,0
604,4884,574,1,0,0
605,6485,716,1,0,0
606,6485,759,2,0,0
607,6485,767,1,1,0
608,6485,771,1,0,0
609,6485,784,3,0,0
610,6485,818,1,0,0
611,6485,833,1,0,0
612,3942,422,1,0,0
613,3942,470,1,0,0
614,349,22,2,0,0
615,6699,738,1,0,0
616,4753,535,1,0,0
617,4735,561,1,0,0
618,2737,244,1,0,0
619,2737,268,1,0,0
620,1453,119,2,0,0
621,8224,903,1,0,0
622,8224,919,1,0,0
623,8224,934,1,0,0
624,467,37,1,0,0
625,4705,478,1,0,0
626,3695,367,1,0,0
627,3695,389,1,0,0
628,5821,665,1,0,0
629,5821,760,2,0,0
630,5901,654,2,1,0
631,7680,873,1,0,0
632,4983,685,1,0,0
633,8372,911,1,0,0
634,8372,928,1,0,0
635,8372,944,1,0,0
636,6361,726,3,0,0
637,6361,760,1,0,0
638,6361,831,1,0,0
639,3754,390,2,0,0
640,5886,844,1,0,0
641,5886,859,1,0,0
642,1216,81,1,0,0
643,1216,96,1,0,0
644,2654,248,1,0,0
645,2654,256,1,0,0
646,2654,263,1,0,0
647,2654,288,1,0,0
648,2734,244,1,0,0
649,5291,621,1,0,0
650,6419,776,1,0,0
651,6419,821,1,0,0
652,4292,446,1,0,0
653,5133,554,1,0,0
654,8182,953,1,0,0
655,8439,904,1,0,0
656,5861,688,1,1,0
657,8381,911,1,0,0
658,6856,742,1,0,0
659,6856,757,2,0,0
660,6856,794,2,0,0
661,6856,855,1,0,0
662,6856,870,1,0,0
663,6062,651,1,0,0
664,4148,469,1,0,0
665,4148,478,1,0,0
666,4148,504,1,0,0
667,395,32,1,0,0
668,7152,812,1,0,0
669,2475,255,1,0,0
670,3915,425,1,0,0
671,7846,878,1,0,0
672,121,11,1,0,0
673,3305,493,1,0,0
674,6779,709,1,0,0
675,3911,437,1,0,0
676,3636,363,1,0,0
677,3636,411,1,0,0
678,8374,911,2,0,0
679,5755,622,1,0,0
680,5755,635,1,0,0
681,8040,927,1,0,0
682,960,63,1,0,0
683,2632,253,1,0,0
684,2632,259,1,0,0
685,6947,813,1,0,0
686,1770,149,1,0,0
687,4318,440,2,1,0
688,217,17,1,0,0
689,217,18,1,0,0
690,6570,753,1,0,0
691,1834,159,1,0,0
692,5440,584,1,0,0
693,1753,137,1,0,0
694,7713,922,1,0,0
695,2618,239,1,0,0
696,6129,682,1,0,0
697,6129,738,1,0,0
698,3853,408,1,0,0
699,1555,105,1,0,0
700,1555,122,1,0,0
701,1240,90,1,0,0
702,2188,190,1,0,0
703,7372,885,1,0,0
704,3253,359,1,0,0
705,8354,954,1,0,0
706,3030,273,1,0,0
707,3152,336,1,0,0
708,6387,830,1,1,0
709,6387,879,1,0,0
710,4104,448,1,0,0
711,3721,392,1,0,0
712,1765,149,1,0,0
713,2605,239,1,0,0
714,2605,255,1,0,0
715,1097,125,1,0,0
716,6710,845,1,0,0
717,1003,134,1,0,0
718,6591,718,1,0,0
719,6591,752,1,0,0
720,6591,780,1,0,0
721,6591,867,1,0,0
722,2421,209,1,0,0
723,6078,717,1,0,0
724,3840,365,1,0,0
725,2476,240,1,1,0
726,3324,319,1,0,0
727,245,7,1,0,0
728,245,17,1,0,0
729,5827,665,2,0,0
730,5827,694,1,0,0
731,6572,780,1,0,0
732,6572,793,1,0,0
733,8321,918,1,1,0
734,1373,82,1,0,0
735,4524,543,1,0,0
736,1796,184,1,0,0
737,1796,189,2,0,0
738,2552,242,1,0,0
739,2016,200,1,0,0
740,2016,228,1,0,0
741,2860,313,2,1,0
742,3288,313,1,0,0
743,4077,456,1,0,0
744,4077,460,1,0,0
745,4077,463,1,0,0
746,3839,365,1,0,0
747,5504,586,1,0,0
748,436,23,1,0,0
749,436,31,1,0,0
750,436,51,1,0,0
751,4985,519,1,0,0
752,4985,536,2,0,0
753,4985,550,1,0,0
754,4985,565,1,0,0
755,4985,591,2,0,0
756,4985,605,1,1,0
757,4985,636,1,0,0
758,5067,579,1,0,0
759,2013,193,1,0,0
760,2013,200,3,0,0
761,2013,203,1,0,0
762,5100,555,1,0,0
763,6071,651,2,0,0
764,3059,281,1,0,0
765,3059,301,1,0,0
766,7844,848,1,0,0
767,7844,878,1,0,0
768,5622,598,1,1,1
769,2486,298,2,0,0
770,2486,306,2,0,0
771,2486,308,2,0,0
772,6938,813,1,0,0
773,4210,502,1,0,0
774,4210,524,1,0,0
775,4210,556,1,0,0
776,4210,588,1,0,0
777,4210,602,1,0,0
778,3691,454,1,0,0
779,5442,645,1,0,0
780,1918,145,1,0,0
781,7102,782,2,0,0
782,7102,797,1,0,0
783,6423,739,1,0,0
784,2723,303,1,0,0
785,3142,323,1,0,0
786,3142,338,1,0,0
787,3142,355,1,0,0
788,6227,797,1,0,0
789,6227,880,1,0,0
790,6902,937,1,0,0
791,1100,94,3,0,0
792,3906,451,1,0,0
793,3906,461,1,1,0
794,3906,487,2,1,0
795,1068,68,1,0,0
796,5964,678,1,0,0
797,5964,693,2,0,0
798,5964,716,1,0,0
799,5964,759,1,0,0
800,3600,372,1,0,0
801,3600,384,3,0,0
802,6598,728,1,0,0
803,6598,760,1,0,0
804,6598,808,1,0,0
805,6598,864,1,0,0
806,3876,384,1,0,0
807,3616,391,3,0,0
808,3616,403,2,0,0
809,3616,407,1,0,0
810,3616,421,1,0,0
811,3616,460,2,0,0
812,3616,462,1,0,0
813,6991,791,1,0,0
814,936,60,1,0,0
815,2884,293,1,0,0
816,6364,842,1,0,0
817,6364,885,1,0,0
818,7218,851,1,0,0
819,1532,104,1,0,0
820,5456,685,1,0,0
821,5456,708,1,0,0
822,5558,596,1,1,0
823,5697,620,1,0,0
824,7418,847,1,0,0
825,7418,860,1,1,0
826,6967,773,1,0,0
827,6967,833,1,0,0
828,6373,790,1,0,0
829,6373,841,1,0,0
830,6373,857,1,0,0
831,8305,905,1,0,0
832,21,11,1,0,0
833,195,2,1,0,0
834,2820,297,1,0,0
835,2820,323,1,0,0
836,2820,338,2,0,0
837,2820,351,1,0,0
838,1046,65,1,0,0
839,2438,218,1,0,0
840,6120,677,2,0,0
841,3666,382,1,0,0
842,1448,168,1,0,0
843,5863,688,1,0,0
844,7747,837,1,0,0
845,7747,853,1,0,0
846,7747,887,1,0,0
847,6561,779,1,0,0
848,7423,889,1,0,0
849,5413,680,1,0,0
850,7789,933,1,0,0
851,4306,532,1,0,0
852,7446,880,1,1,0
853,5761,610,1,0,0
854,781,48,3,0,0
855,1432,136,1,0,0
856,1432,139,1,0,0
857,2347,226,1,0,0
858,5969,669,1,1,0
859,5969,715,1,0,0
860,5969,733,1,0,0
861,5969,758,1,0,0
862,5969,800,1,0,0
863,5969,817,1,0,0
864,6019,655,1,1,0
865,6019,736,1,0,0
866,214,14,1,0,0
867,214,18,1,0,0
868,7160,798,1,0,0
869,1861,149,1,0,0
870,1861,162,1,0,0
871,1861,183,1,0,0
872,1861,195,1,0,0
873,393,34,2,0,0
874,6441,734,1,0,0
875,1065,68,2,0,0
876,1065,75,1,0,0
877,1065,79,1,0,0
878,1065,95,1,0,0
879,4680,502,1,0,0
880,4680,556,1,0,0
881,5818,649,1,1,0
882,1435,129,1,0,0
883,1435,133,3,0,0
884,1435,136,2,0,0
885,1435,139,1,0,0
886,1435,171,1,0,0
887,1435,207,1,0,0
888,1435,219,2,0,0
889,1435,232,1,0,0
890,1490,105,1,0,0
891,1490,130,1,0,0
892,1490,133,1,0,0
893,6780,741,1,0,0
894,3138,311,1,0,0
895,3138,323,1,0,0
896,2499,235,1,0,0
897,4833,519,2,0,0
898,4833,535,1,1,0
899,4833,566,1,0,0
900,4633,503,1,0,0
901,3520,422,1,0,0
902,2691,254,2,0,0
903,2691,264,1,0,0
904,2691,268,1,0,0
905,6488,833,2,0,0
906,6488,865,1,0,0
907,2029,177,1,0,0
908,6832,815,3,0,0
909,6832,862,1,1,0
910,6832,948,1,0,0
911,431,23,1,0,0
912,431,30,1,0,0
913,4787,699,1,0,0
914,7726,932,2,0,0
915,7689,873,1,0,0
916,4170,517,1,0,0
917,6357,743,1,0,0
918,6432,755,1,0,0
919,7246,835,1,0,0
920,7246,949,1,0,0
921,8382,911,1,0,0
922,5110,555,1,0,0
923,6070,808,1,0,0
924,3072,339,2,0,0
925,3000,275,1,0,0
926,6747,750,1,0,0
927,4933,553,1,0,0
928,4933,580,1,0,0
929,2455,202,1,0,0
930,4908,563,1,0,0
931,4485,493,1,0,0
932,3396,333,1,0,0
933,3462,327,1,0,0
934,502,30,1,0,0
935,4397,488,1,1,0
936,7698,852,1,0,0
937,6802,726,1,1,0
938,6802,757,1,0,0
939,3971,460,1,0,0
940,2722,264,1,0,0
941,5750,640,1,1,0
942,5750,643,2,0,0
943,6457,759,1,0,0
944,7349,786,1,0,0
945,4802,556,1,1,0
946,4636,497,1,0,0
947,8272,956,3,0,0
948,6962,807,1,0,0
949,6962,894,1,1,0
950,4551,524,1,0,0
951,3221,313,1,0,0
952,6861,769,1,1,0
953,2856,313,1,0,0
954,805,44,1,0,0
955,5448,697,1,0,0
956,8229,903,1,0,0
957,6360,827,1,1,0
958,6360,885,1,0,0
959,6360,964,1,0,0
960,2962,333,1,0,0
961,1231,81,2,0,0
962,7881,863,1,0,0
963,7881,884,1,0,0
964,7881,938,1,0,0
965,5066,543,1,0,0
966,5066,558,1,0,0
967,5454,702,1,0,0
968,4114,510,1,1,0
969,7097,893,1,0,0
970,7627,871,1,0,0
971,7627,941,1,0,0
972,7627,959,1,0,0
973,4619,495,1,0,0
974,5400,623,1,0,0
975,2054,230,1,0,0
976,2167,178,1,0,0
977,4125,482,1,0,0
978,4979,536,1,1,0
979,419,22,1,0,0
980,5707,587,1,0,0
981,3079,368,1,0,0
982,6460,745,1,0,0
983,4684,515,1,0,0
984,4684,601,2,0,0
985,4684,631,1,0,0
986,4684,680,1,0,0
987,4420,489,1,1,0
988,3101,349,1,0,0
989,2627,253,1,0,0
990,7430,868,1,0,0
991,7430,882,1,0,0
992,7430,892,1,0,0
993,3939,485,1,0,0
994,3939,501,1,1,0
995,243,3,1,0,0
996,4303,492,1,0,0
997,5247,560,1,0,0
998,5247,570,1,0,0
999,5958,707,2,1,0
1000,5955,767,1,0,0
1001,4417,472,1,0,0
1002,2748,341,1,0,0
1003,7735,837,2,0,0
1004,7735,853,1,0,0
1005,7735,870,1,0,0
1006,7735,896,1,0,0
1007,6945,783,1,0,0
1008,230,3,1,0,0
1009,230,7,2,0,0
1010,3174,339,1,1,0
1011,172,4,1,0,0
1012,3150,460,1,0,0
1013,7486,853,1,0,0
1014,226,14,1,0,0
1015,2717,241,1,0,0
1016,600,41,1,0,0
1017,600,51,1,0,0
1018,600,52,1,0,0
1019,2617,307,1,0,0
1020,7054,859,1,1,0
1021,848,54,1,0,0
1022,848,72,1,0,0
1023,5474,694,1,1,0
1024,5474,709,1,0,0
1025,5474,808,1,1,0
1026,2135,172,1,0,0
1027,17,16,1,0,0
1028,5836,653,2,1,0
1029,5836,747,1,0,0
1030,5836,776,1,1,0
1031,5836,790,1,1,0
1032,6043,753,1,0,0
1033,5648,619,1,0,0
1034,912,90,1,0,0
1035,5710,680,1,0,0
1036,2098,194,1,0,0
1037,1443,124,2,0,0
1038,1443,133,1,0,0
1039,1443,136,2,0,0
1040,1443,161,1,0,0
1041,1443,165,2,0,0
1042,1443,168,1,0,0
1043,1454,119,1,0,0
1044,7704,852,1,1,0
1045,2243,216,1,0,0
1046,5432,584,1,0,0
1047,3076,315,1,1,0
1048,3818,388,1,0,0
1049,4506,518,1,0,0
1050,5070,570,1,0,0
1051,5039,525,2,0,0
1052,5039,558,1,1,0
1053,5039,569,1,0,0
1054,2701,245,1,0,0
1055,1436,161,2,0,0
1056,1436,165,2,0,0
1057,1436,171,1,0,0
1058,8121,928,1,0,0
1059,8121,943,1,0,0
1060,8010,927,1,0,0
1061,2735,244,1,0,0
1062,8042,957,1,1,0
1063,5754,608,1,1,0
1064,3306,360,1,0,0
1065,3306,361,1,0,0
1066,3306,373,1,0,0
1067,3306,388,2,0,0
1068,3404,383,1,0,0
1069,1416,148,1,0,0
1070,5459,593,1,1,0
1071,5459,609,1,0,0
1072,3935,550,1,0,0
1073,4487,482,2,0,0
1074,8177,910,1,0,0
1075,7118,826,1,0,0
1076,7118,833,2,0,0
1077,3527,382,1,1,0
1078,3527,398,1,0,0
1079,3527,411,1,0,0
1080,7588,917,1,1,0
1081,1675,122,1,0,0
1082,7774,933,1,0,0
1083,1505,123,1,0,0
1084,7319,803,1,0,0
1085,3420,326,1,0,0
1086,8201,941,1,0,0
1087,1963,174,2,0,0
1088,1963,186,1,0,0
1089,6810,805,1,0,0
1090,1394,113,2,0,0
1091,1394,122,1,0,0
1092,2207,205,2,0,0
1093,1908,177,1,0,0
1094,6410,807,1,0,0
1095,1942,145,1,0,0
1096,2071,213,1,0,0
1097,2942,308,1,0,0
1098,4615,595,1,0,0
1099,8207,926,1,0,0
1100,2524,305,1,0,0
1101,2524,307,1,1,0
1102,6016,670,1,0,0
1103,2714,234,1,0,0
1104,2714,257,1,0,0
1105,2714,270,1,0,0
1106,2714,360,1,0,0
1107,2631,295,1,0,0
1108,2197,264,1,0,0
1109,5785,614,1,0,0
1110,5140,517,1,0,0
1111,6921,828,1,0,0
1112,6921,894,1,0,0
1113,883,83,1,0,0
1114,6200,659,2,0,0
1115,6200,700,1,0,0
1116,6200,740,2,0,0
1117,6200,755,1,0,0
1118,6200,764,1,0,0
1119,6200,768,1,0,0
1120,6200,805,1,0,0
1121,3316,331,1,0,0
1122,836,54,2,0,0
1123,836,64,1,0,0
1124,836,70,4,0,0
1125,836,72,2,0,0
1126,5773,583,1,0,0
1127,4168,432,1,0,0
1128,8195,940,1,0,0
1129,3467,402,1,0,0
1130,3467,419,2,0,0
1131,3467,430,1,0,0
1132,3467,459,1,0,0
1133,3467,511,1,0,0
1134,3991,415,1,0,0
1135,8197,940,1,0,0
1136,916,58,1,0,0
1137,7416,894,1,0,0
1138,2141,178,1,0,0
1139,6450,857,1,0,0
1140,8135,930,1,0,0
1141,2454,202,1,0,0
1142,3339,314,1,0,0
1143,5034,525,1,0,0
1144,5034,558,1,1,0
1145,5954,771,1,0,0
1146,2408,211,1,0,0
1147,5370,583,2,0,0
1148,5370,598,1,1,0
1149,5370,613,1,0,0
1150,5370,752,1,0,0
1151,2634,259,2,0,0
1152,2634,267,1,0,0
1153,5977,669,1,1,0
1154,5977,766,1,0,0
1155,801,44,1,0,0
1156,1083,55,1,0,0
1157,5689,602,1,0,0
1158,5689,770,1,0,0
1159,7394,841,1,1,0
1160,4914,548,1,0,0
1161,4914,572,1,0,0
1162,4914,630,1,0,0
1163,4914,637,1,0,0
1164,334,20,1,0,0
1165,334,35,1,0,0
1166,6089,732,1,0,0
1167,6089,761,1,0,0
1168,6089,765,2,0,0
1169,6089,769,1,1,0
1170,6089,823,1,0,0
1171,1112,86,2,0,0
1172,1112,100,1,0,0
1173,3823,388,1,0,0
1174,4928,523,1,0,0
1175,4928,538,2,0,0
1176,4928,673,1,0,0
1177,4928,692,1,0,0
1178,4928,704,1,0,0
1179,2401,211,1,0,0
1180,2401,219,1,0,0
1181,6199,689,1,0,0
1182,5989,686,1,0,0
1183,907,58,1,0,0
1184,907,67,1,0,0
1185,3293,334,1,0,0
1186,7342,781,1,0,0
1187,4133,448,1,0,0
1188,264,19,1,0,0
1189,270,27,1,0,0
1190,270,34,1,0,0
1191,4348,557,1,0,0
1192,1136,96,1,0,0
1193,8212,963,1,0,0
1194,999,63,1,0,0
1195,999,73,1,0,0
1196,999,74,1,0,0
1197,6437,717,1,0,0
1198,2800,275,1,0,0
1199,2800,283,1,0,0
1200,2800,303,2,0,0
1201,2800,330,1,0,0
1202,7840,871,1,0,0
1203,3056,352,1,1,0
1204,3056,358,1,0,0
1205,4473,480,1,0,0
1206,4473,509,1,0,0
1207,6263,679,1,1,0
1208,3646,365,1,0,0
1209,4290,435,1,0,0
1210,2301,223,1,0,0
1211,2690,268,1,0,0
1212,1256,87,1,0,0
1213,4808,520,1,0,0
1214,1978,179,1,0,0
1215,1978,225,2,0,0
1216,397,21,1,0,0
1217,1253,87,1,0,0
1218,1774,143,1,0,0
1219,6412,929,1,0,0
1220,6412,947,1,2,0
1221,669,44,1,0,0
1222,2153,190,1,0,0
1223,4748,572,1,0,0
1224,680,39,1,0,0
1225,3286,313,3,0,0
1226,2134,192,2,0,0
1227,2134,195,1,0,0
1228,2134,197,1,0,0
1229,1096,94,1,0,0
1230,1096,100,1,0,0
1231,7173,872,1,0,0
1232,329,42,1,0,0
1233,6965,879,1,0,0
1234,2838,358,1,0,0
1235,5864,672,1,0,0
1236,5864,807,1,0,0
1237,2789,306,1,0,0
1238,7593,890,1,0,0
1239,4543,500,1,0,0
1240,4155,504,2,1,0
1241,8106,960,1,0,0
1242,212,9,1,0,0
1243,212,18,1,0,0
1244,1595,109,1,0,0
1245,1678,145,1,0,0
1246,1678,157,2,0,0
1247,1678,166,1,0,0
1248,4185,466,1,0,0
1249,4185,492,1,0,0
1250,3190,328,1,0,0
1251,5341,592,1,1,0
1252,5341,621,1,0,0
1253,5341,677,1,1,0
1254,1652,154,1,0,0
1255,1946,157,1,0,0
1256,5356,605,1,0,0
1257,4661,525,1,0,1
1258,461,26,1,0,0
1259,5431,629,1,0,0
1260,5431,661,1,0,0
1261,6046,753,1,0,0
1262,5953,700,1,1,0
1263,2080,173,1,0,0
1264,472,20,1,0,0
1265,472,37,1,0,0
1266,472,43,1,0,0
1267,4424,469,1,0,0
1268,4424,479,1,0,0
1269,3411,314,1,0,0
1270,613,37,1,0,0
1271,388,29,2,0,0
1272,6194,755,1,0,0
1273,6194,772,1,1,0
1274,4926,580,2,0,0
1275,4926,700,1,1,0
1276,4926,706,1,0,0
1277,4926,708,1,0,1
1278,871,65,1,0,0
1279,19,11,3,0,0
1280,19,15,2,0,0
1281,19,16,2,0,0
1282,19,18,1,0,0
1283,3176,327,1,0,0
1284,6719,729,1,0,0
1285,5176,620,1,0,0
1286,6309,675,1,0,0
1287,5334,592,1,0,0
1288,5675,636,1,0,0
1289,441,23,3,0,0
1290,441,35,1,0,0
1291,4919,538,1,1,0
1292,4238,440,1,0,0
1293,3601,384,1,0,0
1294,3601,553,1,0,0
1295,4701,478,1,0,0
1296,4931,578,2,0,0
1297,4557,524,1,0,0
1298,6620,720,1,1,0
1299,208,14,1,0,0
1300,208,17,2,0,0
1301,5287,606,1,1,0
1302,5287,637,1,0,1
1303,8109,908,1,0,0
1304,7793,867,1,0,0
1305,2583,242,1,0,0
1306,5557,707,1,0,0
1307,1378,88,1,0,0
1308,2910,279,1,0,0
1309,2910,290,1,0,0
1310,2997,292,1,0,0
1311,3395,333,1,0,0
1312,3395,381,1,0,0
1313,5545,612,3,0,0
1314,5545,652,1,0,0
1315,3153,426,2,0,0
1316,3153,449,2,0,0
1317,3153,495,1,0,0
1318,543,28,1,0,0
1319,5742,643,1,0,0
1320,1376,88,1,0,0
1321,6513,812,1,0,0
1322,4328,529,1,0,0
1323,4328,541,1,0,0
1324,4328,571,1,0,0
1325,4328,576,1,1,0
1326,4328,578,1,0,0
1327,4328,579,1,0,0
1328,5297,658,1,0,0
1329,8046,963,1,0,0
1330,2152,174,1,0,0
1331,695,40,1,0,0
1332,466,37,1,0,0
1333,7819,946,1,1,0
1334,5222,564,1,1,0
1335,796,48,3,0,0
1336,8168,910,1,0,0
1337,8168,944,1,0,0
1338,7510,850,2,0,0
1339,7510,866,3,0,0
1340,7510,892,1,0,0
1341,7510,952,1,0,0
1342,7510,960,1,0,0
1343,337,28,1,0,0
1344,5847,653,1,1,0
1345,2097,194,1,0,0
1346,6854,771,1,0,0
1347,6854,778,1,0,0
1348,6854,870,1,0,0
1349,6854,886,2,0,0
1350,6880,803,1,0,0
1351,6880,826,1,0,0
1352,5064,575,1,0,0
1353,5064,577,1,0,0
1354,6875,803,1,0,0
1355,6875,819,1,0,0
1356,1040,65,1,0,0
1357,996,74,1,0,0
1358,5174,537,1,0,0
1359,5174,620,1,0,0
1360,7986,929,1,0,0
1361,3057,281,2,0,0
1362,3057,303,1,0,0
1363,3057,315,1,0,0
1364,3057,327,3,0,0
1365,3057,358,1,0,0
1366,3057,412,1,0,0
1367,3075,315,1,0,0
1368,7516,902,1,0,0
1369,7516,936,2,0,0
1370,2217,205,1,0,0
1371,2217,209,1,0,0
1372,4575,518,1,0,0
1373,4006,444,1,0,0
1374,4304,430,1,0,0
1375,4737,575,1,0,0
1376,2115,187,1,0,0
1377,4691,496,1,0,0
1378,4691,503,2,0,0
1379,4691,512,1,0,0
1380,4691,515,1,1,0
1381,4231,444,1,0,0
1382,3287,313,1,0,0
1383,3287,322,1,0,0
1384,331,20,1,0,0
1385,331,28,1,0,0
1386,331,32,3,0,0
1387,331,42,1,0,0
1388,331,45,1,0,0
1389,7838,871,1,0,0
1390,5677,643,1,1,0
1391,6366,743,1,0,0
1392,5237,546,1,0,0
1393,5237,596,1,0,0
1394,5237,633,1,0,0
1395,108,1,2,0,0
1396,1441,108,2,0,0
1397,7521,885,1,1,0
1398,1467,109,1,0,0
1399,1467,125,1,0,0
1400,7628,839,1,0,0
1401,2189,231,1,0,0
1402,2189,241,1,0,0
1403,2189,264,1,0,0
1404,3534,431,1,0,0
1405,3534,443,1,0,0
1406,420,22,2,0,0
1407,420,39,1,0,0
1408,2776,274,1,0,0
1409,2776,308,1,0,0
1410,2776,322,1,0,0
1411,2776,337,1,0,0
1412,3020,276,1,0,0
1413,3954,473,1,0,0
1414,3954,483,1,0,0
1415,3954,496,1,0,0
1416,3954,510,1,0,0
1417,3954,514,1,0,0
1418,2255,207,1,0,0
1419,2255,211,1,0,0
1420,6050,752,1,1,0
1421,97,6,2,0,0
1422,2794,295,1,0,0
1423,1835,159,1,0,0
1424,6221,674,1,0,0
1425,6221,691,1,0,0
1426,2889,286,1,0,0
1427,4811,599,1,0,0
1428,4811,734,1,0,0
1429,4811,751,1,0,0
1430,252,25,1,0,0
1431,6289,676,1,1,0
1432,6789,741,1,0,0
1433,7469,888,1,1,0
1434,5930,663,1,0,0
1435,5930,680,1,0,0
1436,5930,713,1,1,0
1437,4055,423,1,0,0
1438,1825,226,1,1,0
1439,1825,230,1,0,0
1440,1825,239,1,0,0
1441,7637,844,1,0,0
1442,2469,216,1,0,0
1443,4881,537,1,0,0
1444,7899,945,2,0,0
1445,3368,368,1,1,0
1446,1037,62,1,0,0
1447,2293,228,1,0,0
1448,4386,534,1,0,0
1449,4386,566,2,0,0
1450,4386,577,1,0,0
1451,4386,590,1,0,0
1452,4386,606,1,0,0
1453,4386,621,2,0,0
1454,4386,634,1,0,0
1455,4386,642,1,0,0
1456,4386,644,2,0,0
1457,4386,688,2,0,0
1458,4386,699,1,0,0
1459,5546,612,1,0,0
1460,3506,412,1,0,0
1461,4323,440,1,0,0
1462,4323,529,1,0,0
1463,4323,579,1,0,0
1464,5617,614,1,1,0
1465,1379,82,1,0,0
1466,1379,92,2,0,0
1467,1379,99,1,0,0
1468,1379,111,1,0,0
1469,1379,134,1,0,0
1470,1379,135,1,0,0
1471,3850,524,1,0,0
1472,2635,262,1,0,0
1473,2635,277,3,0,0
1474,2635,294,1,0,0
1475,2635,295,1,0,0
1476,8343,948,1,0,0
1477,7338,880,1,0,0
1478,6922,787,1,0,0
1479,6922,890,1,0,0
1480,4903,530,1,0,0
1481,4903,572,1,0,0
1482,4685,472,1,1,0
1483,4685,484,2,1,0
1484,4685,503,1,0,0
1485,7509,866,1,0,0
1486,7122,800,1,0,0
1487,7122,836,1,0,0
1488,1318,80,1,0,0
1489,1318,93,1,0,0
1490,1318,94,2,0,0
1491,2240,204,1,0,0
1492,2240,245,1,0,0
1493,4910,530,1,0,0
1494,8467,904,1,1,0
1495,6919,820,1,0,0
1496,6919,890,1,0,0
1497,493,24,2,0,0
1498,7525,858,1,0,0
1499,7525,885,2,0,0
1500,7525,900,1,0,0
1501,7525,908,1,0,0
1502,7525,923,2,0,0
1503,7525,951,2,0,0
1504,7525,964,3,0,0
1505,5485,825,1,0,0
1506,3054,301,1,0,0
1507,1655,103,1,0,0
1508,1655,120,1,0,0
1509,1655,150,1,0,0
1510,1655,154,1,0,0
1511,1655,190,1,0,0
1512,1655,196,1,0,0
1513,1655,208,1,0,0
1514,1655,216,1,0,0
1515,1655,228,1,0,0
1516,6038,666,1,0,0
1517,2350,213,1,0,0
1518,6615,751,1,0,0
1519,6615,823,1,0,0
1520,5817,712,1,0,0
1521,8037,927,1,0,0
1522,4855,547,1,0,0
1523,328,49,1,0,0
1524,3831,388,1,0,0
1525,2922,288,1,0,0
1526,2068,221,1,1,0
1527,2089,188,1,0,0
1528,5269,625,1,0,0
1529,5206,556,1,0,0
1530,1248,90,1,0,0
1531,7452,896,1,0,0
1532,7452,927,2,0,0
1533,199,2,1,0,0
1534,1734,162,1,0,0
1535,1734,167,1,0,0
1536,987,57,1,0,0
1537,987,61,1,0,0
1538,987,66,1,0,0
1539,987,74,1,0,0
1540,3235,328,1,0,0
1541,3235,343,1,0,0
1542,3446,317,1,0,0
1543,1567,112,1,0,0
1544,1449,111,1,0,0
1545,1449,119,1,0,0
1546,4656,466,1,0,0
1547,6422,776,1,0,0
1548,7367,838,1,0,0
1549,8019,943,1,0,0
1550,6013,719,1,0,0
1551,5178,523,1,0,0
1552,703,40,1,0,0
1553,703,47,2,0,0
1554,703,53,2,0,0
1555,1067,71,1,0,0
1556,1067,95,1,0,0
1557,7047,859,1,0,0
1558,3034,273,1,0,0
1559,4690,515,1,0,0
1560,3712,397,1,0,0
1561,5816,665,1,0,0
1562,2774,322,1,0,0
1563,6506,758,1,0,0
1564,3304,321,1,0,0
1565,1257,87,1,0,0
1566,3418,335,1,0,0
1567,1357,95,1,0,0
1568,5787,614,1,0,0
1569,5582,595,1,0,0
1570,5835,687,1,0,0
1571,7296,819,1,0,0
1572,1938,164,1,0,0
1573,4268,467,1,0,0
1574,6032,683,1,0,0
1575,4156,426,1,0,0
1576,4156,437,1,0,0
1577,7523,897,1,0,0
1578,4228,432,1,0,0
1579,7718,956,1,0,0
1580,687,39,2,0,0
1581,687,46,1,0,0
1582,687,50,2,0,0
1583,2116,175,2,0,0
1584,2116,194,1,0,0
1585,2333,206,1,0,0
1586,3889,409,1,0,0
1587,3889,452,1,0,0
1588,3889,462,1,1,0
1589,3889,464,1,0,0
1590,4601,548,1,0,0
1591,4601,564,1,0,0
1592,7955,916,2,0,0
1593,7955,954,1,0,0
1594,6596,864,1,0,0
1595,4894,574,1,0,0
1596,7868,948,1,0,0
1597,8437,949,1,0,0
1598,3074,339,1,0,0
1599,2122,175,1,0,0
1600,2122,182,1,0,0
1601,2122,199,1,0,0
1602,3873,371,1,0,0
1603,4074,447,1,0,0
1604,2672,294,1,0,0
1605,2672,314,1,0,0
1606,3958,483,1,0,0
1607,3958,506,1,0,0
1608,3958,510,1,0,0
1609,3958,534,1,0,0
1610,3958,551,1,0,0
1611,3958,574,1,0,0
1612,495,24,1,0,0
1613,4152,469,2,1,0
1614,4152,512,2,0,0
1615,2365,208,1,0,0
1616,4000,439,1,0,0
1617,2815,323,1,0,0
1618,3948,542,2,0,0
1619,3948,593,1,0,0
1620,3948,611,1,0,0
1621,3948,625,1,0,0
1622,2466,303,1,0,0
1623,1010,69,1,0,0
1624,1615,134,1,0,0
1625,3250,411,1,0,0
1626,1498,123,1,0,0
1627,6935,890,1,0,0
1628,5522,627,1,0,0
1629,6645,801,1,0,0
1630,7560,842,1,0,0
1631,15,16,2,0,0
1632,15,18,1,0,0
1633,3983,479,1,0,0
1634,7244,775,1,1,0
1635,181,4,1,0,0
1636,6135,668,1,0,0
1637,6135,738,1,0,0
1638,6135,817,1,0,0
1639,6135,840,3,0,0
1640,6135,854,1,0,0
1641,6135,915,1,0,0
1642,7766,869,1,0,0
1643,7766,905,1,1,0
1644,7766,940,1,0,0
1645,6963,773,1,0,0
1646,5121,531,1,0,0
1647,7615,941,1,0,0
1648,375,19,1,0,0
1649,375,38,2,0,0
1650,7027,778,1,0,0
1651,598,41,2,0,0
1652,598,52,1,0,0
1653,1217,107,1,0,0
1654,3183,339,1,0,0
1655,1636,114,1,0,0
1656,1636,127,1,0,0
1657,4035,417,2,0,0
1658,4035,450,3,0,0
1659,7317,789,1,0,0
1660,7920,939,1,0,0
1661,888,56,1,0,0
1662,6190,659,1,0,0
1663,6190,676,2,0,0
1664,6190,805,1,0,0
1665,1452,111,1,0,0
1666,1452,119,2,0,0
1667,1452,126,1,0,0
1668,7870,847,1,0,0
1669,1331,82,1,0,0
1670,1331,89,2,0,0
1671,1402,103,1,0,0
1672,1402,110,1,0,0
1673,1402,119,1,0,0
1674,1374,82,1,0,0
1675,1374,92,1,0,0
1676,1374,99,2,0,0
1677,202,2,1,0,0
1678,202,8,3,0,0
1679,6924,863,2,0,0
1680,6924,899,1,0,0
1681,758,41,1,0,0
1682,4568,471,1,0,0
1683,4568,551,1,0,0
1684,8140,915,1,0,0
1685,4127,421,1,0,0
1686,4880,568,1,0,0
1687,2468,208,1,0,0
1688,2468,216,3,0,0
1689,2468,220,3,0,0
1690,2468,228,1,1,0
1691,2468,230,2,1,0
1692,2468,241,1,0,0
1693,2468,257,1,0,0
1694,2468,265,1,0,0
1695,2468,270,1,0,0
1696,4548,487,1,0,0
1697,2950,293,1,0,0
1698,6923,828,1,0,0
1699,6923,849,2,0,0
1700,6923,863,2,0,0
1701,1833,158,2,0,0
1702,5233,596,1,0,0
1703,1721,191,1,0,0
1704,2185,170,2,0,0
1705,2185,196,1,0,0
1706,2185,197,1,0,0
1707,2185,228,1,0,0
1708,4098,452,1,0,0
1709,4614,484,1,0,0
1710,4614,495,5,0,0
1711,1578,121,1,0,0
1712,3753,370,1,0,0
1713,3753,379,1,0,0
1714,5538,596,1,0,0
1715,4029,417,1,0,0
1716,856,64,1,0,0
1717,856,72,1,0,0
1718,6195,659,1,0,0
1719,6195,775,1,0,0
1720,4937,523,1,0,0
1721,1808,179,1,0,0
1722,5494,601,1,0,0
1723,4007,450,1,1,0
1724,4781,534,1,0,0
1725,4781,574,2,0,0
1726,4781,590,1,0,0
1727,4781,606,1,0,0
1728,4781,621,1,0,0
1729,4781,634,1,0,0
1730,4781,637,1,0,0
1731,5145,533,1,0,0
1732,3864,393,1,0,0
1733,1384,85,1,0,0
1734,3482,440,1,0,0
1735,2747,244,3,0,0
1736,6427,723,1,0,0
1737,6427,776,1,0,0
1738,3742,380,1,0,0
1739,2849,331,1,0,0
1740,2849,340,1,0,0
1741,7429,868,1,0,0
1742,2117,182,1,0,0
1743,2117,187,2,0,0
1744,2117,194,4,0,0
1745,2117,198,1,0,0
1746,2117,199,1,0,0
1747,4921,567,1,0,0
1748,4218,472,1,0,0
1749,903,80,1,0,0
1750,5524,627,1,1,0
1751,5185,557,1,0,0
1752,5185,594,1,0,0
1753,6520,727,1,0,0
1754,6557,750,1,0,0
1755,1584,112,1,0,0
1756,4866,529,1,0,0
1757,4087,428,1,0,0
1758,1792,148,1,0,0
1759,556,23,1,0,0
1760,7489,853,1,0,0
1761,7489,869,1,0,0
1762,7070,781,1,0,0
1763,7070,798,2,1,0
1764,7070,901,2,0,0
1765,7070,919,1,0,0
1766,235,7,1,0,0
1767,855,108,1,0,0
1768,1491,105,1,0,0
1769,1491,130,1,0,0
1770,8122,943,1,0,0
1771,693,47,1,0,0
1772,693,51,1,0,0
1773,693,53,2,0,0
1774,3557,375,1,0,0
1775,2876,286,1,0,0
1776,7671,866,1,0,0
1777,4179,436,1,1,0
1778,4616,625,1,0,0
1779,2374,204,1,0,0
1780,4093,416,1,0,0
1781,4093,442,1,0,0
1782,4093,454,1,0,0
1783,4093,458,1,0,0
1784,4093,461,1,0,0
1785,4093,463,1,0,0
1786,22,11,2,0,0
1787,3256,385,1,0,0
1788,5698,588,1,1,0
1789,5097,586,1,0,0
1790,1140,76,1,0,0
1791,1140,85,1,0,0
1792,1140,133,1,0,0
1793,5728,660,1,0,0
1794,8094,902,2,0,0
1795,8094,952,1,0,0
1796,3363,349,2,0,0
1797,6601,823,1,0,0
1798,7337,797,1,0,0
1799,7337,862,1,0,0
1800,4188,438,1,0,0
1801,6052,653,1,0,0
1802,611,43,1,0,0
1803,7316,803,1,0,0
1804,7316,864,1,0,0
1805,7316,877,1,1,0
1806,383,21,3,0,0
1807,383,34,1,0,0
1808,1975,207,2,0,0
1809,1975,215,1,0,0
1810,1975,219,1,0,0
1811,1975,225,1,0,0
1812,1975,229,1,0,0
1813,1975,232,1,0,0
1814,1975,251,1,0,0
1815,1975,261,1,0,0
1816,5939,663,1,0,0
1817,6825,724,1,0,0
1818,6930,802,1,0,0
1819,7007,777,1,0,0
1820,4877,522,1,1,0
1821,8120,943,2,0,0
1822,7053,875,1,0,0
1823,2312,214,1,0,0
1824,1535,110,1,0,0
1825,1535,120,2,0,0
1826,1535,126,2,0,0
1827,616,37,2,0,0
1828,616,43,1,0,0
1829,1488,105,3,0,0
1830,1488,113,2,0,0
1831,1488,121,1,0,0
1832,1488,130,2,0,0
1833,1488,133,1,0,0
1834,1488,135,4,0,0
1835,3968,413,1,0,0
1836,3968,472,1,0,0
1837,5058,518,1,0,0
1838,4958,546,1,0,0
1839,3090,351,1,0,0
1840,660,47,1,0,0
1841,6383,722,1,0,0
1842,6383,737,1,0,0
1843,1348,84,2,0,0
1844,7284,804,1,0,0
1845,4671,491,1,0,0
1846,1212,87,1,0,0
1847,1212,105,1,0,0
1848,6850,810,1,0,0
1849,5806,681,1,0,0
1850,5116,619,1,0,0
1851,1079,97,1,0,0
1852,3136,311,1,0,0
1853,3136,355,1,0,0
1854,3136,362,1,0,0
1855,3136,399,1,0,0
1856,6100,735,1,0,0
1857,4089,442,1,1,0
1858,4089,463,1,0,0
1859,4089,507,2,0,0
1860,4089,509,1,0,0
1861,4089,513,2,0,0
1862,4089,519,1,0,0
1863,4089,550,1,0,0
1864,3515,364,1,0,0
1865,2479,261,1,0,0
1866,7781,867,1,0,0
1867,521,25,2,0,0
1868,521,52,1,0,0
1869,3254,353,2,0,0
1870,3254,358,1,1,0
1871,3539,394,1,0,0
1872,3539,399,1,0,0
1873,7291,887,1,0,0
1874,3929,441,1,0,0
1875,5377,613,1,0,0
1876,5377,734,1,0,0
1877,2146,178,1,0,0
1878,4892,568,1,0,0
1879,2788,282,1,0,0
1880,2788,337,1,0,0
1881,2788,347,1,0,0
1882,3091,322,2,0,0
1883,3091,373,1,0,0
1884,3091,407,2,0,0
1885,3091,410,2,0,0
1886,3091,475,1,0,0
1887,1597,116,1,0,0
1888,1597,128,1,0,0
1889,1015,59,2,0,0
1890,1015,93,1,0,0
1891,4922,553,1,0,0
1892,2746,250,1,0,0
1893,2746,263,1,0,0
1894,3634,411,1,0,0
1895,8020,925,1,0,0
1896,812,44,1,0,0
1897,4901,563,1,0,0
1898,4901,603,1,0,0
1899,4901,695,1,0,0
1900,1179,83,2,0,0
1901,1179,95,1,0,0
1902,599,49,1,0,0
1903,3785,369,1,0,0
1904,7117,784,1,0,0
1905,7117,829,1,0,0
1906,5900,654,1,0,0
1907,5478,607,1,0,0
1908,5478,624,1,0,0
1909,4395,488,2,0,0
1910,4395,499,1,1,0
1911,4395,508,1,0,0
1912,4395,511,1,1,0
1913,4395,513,1,0,0
1914,7875,884,1,0,0
1915,1909,137,1,0,0
1916,1909,229,1,0,0
1917,6703,886,1,0,0
1918,6703,956,1,0,0
1919,7939,908,1,0,0
1920,2494,255,2,0,0
1921,1457,163,1,0,0
1922,1457,166,2,0,0
1923,1906,177,1,0,0
1924,4207,445,1,0,0
1925,5626,581,1,0,0
1926,5626,614,2,1,0
1927,8086,933,1,0,0
1928,2483,240,1,0,0
1929,1616,102,2,0,0
1930,1616,131,1,0,0
1931,1616,136,1,0,0
1932,5245,544,1,0,0
1933,8176,944,1,0,0
1934,892,91,1,0,0
1935,2043,175,1,0,0
1936,2043,179,1,0,0
1937,2043,191,1,0,0
1938,2043,195,1,0,0
1939,1442,168,1,0,0
1940,2945,295,1,0,0
1941,2945,304,2,0,0
1942,4277,417,1,0,0
1943,1496,117,1,0,0
1944,1496,123,2,0,0
1945,1496,127,1,0,0
1946,1496,144,1,0,0
1947,1496,152,2,0,0
1948,837,59,1,0,0
1949,3134,351,1,0,0
1950,3238,316,1,0,0
1951,7009,811,1,0,0
1952,7009,868,1,0,0
1953,7517,895,1,0,0
1954,514,29,1,0,0
1955,7559,875,1,0,0
1956,4734,701,1,0,0
1957,1072,60,1,0,0
1958,2000,180,1,0,0
1959,2000,192,1,0,0
1960,2136,172,2,0,0
1961,2136,199,1,0,0
1962,5683,643,1,0,0
1963,7238,774,1,0,0
1964,4977,624,1,0,0
1965,4977,705,1,0,0
1966,70,12,2,0,0
1967,5435,584,1,0,0
1968,5435,638,1,0,0
1969,5435,641,1,1,0
1970,5709,664,1,0,0
1971,2918,273,1,0,0
1972,6474,797,1,0,0
1973,2821,276,1,0,0
1974,5359,687,1,0,0
1975,7925,958,1,0,0
1976,7205,780,1,0,0
1977,7205,812,1,0,0
1978,4947,544,1,0,0
1979,4947,559,1,0,0
1980,4947,569,1,0,0
1981,4947,584,1,0,0
1982,4334,475,3,0,0
1983,4334,504,1,0,0
1984,4334,527,1,0,0
1985,4334,545,3,0,0
1986,4334,572,1,0,0
1987,4334,585,1,0,0
1988,1060,68,1,0,0
1989,5017,562,1,0,0
1990,6584,752,1,0,0
1991,6584,811,1,0,0
1992,6928,787,1,0,0
1993,6928,849,1,0,0
1994,5566,597,1,0,0
1995,5566,616,1,0,0
1996,5566,632,1,0,0
1997,4550,477,1,0,0
1998,4550,500,1,0,0
1999,1970,187,1,0,0
2000,4779,606,1,0,0
2001,4832,549,1,0,0
2002,1101,78,1,0,0
2003,1101,86,3,0,0
2004,1101,94,1,0,0
2005,1101,99,1,0,0
2006,1395,106,1,0,0
2007,1395,113,1,0,0
2008,7178,813,1,0,0
2009,530,26,1,0,0
2010,530,36,1,0,0
2011,530,44,2,0,0
2012,2362,224,1,0,0
2013,5708,618,1,0,0
2014,38,21,2,0,0
2015,7800,862,1,1,0
2016,7800,929,1,0,0
2017,7800,948,1,1,0
2018,7255,835,1,0,0
2019,2227,207,1,0,0
2020,2227,225,1,0,0
2021,2227,229,1,0,0
2022,2227,251,1,0,0
2023,2227,258,1,0,0
2024,2227,261,1,0,0
2025,3706,379,1,0,0
2026,7584,902,2,0,0
2027,454,26,1,0,0
2028,5788,614,1,0,0
2029,5788,725,2,0,0
2030,5788,766,1,0,0
2031,5788,769,1,0,0
2032,5788,771,1,0,0
2033,2187,170,1,0,0
2034,861,65,2,0,0
2035,6305,675,1,0,0
2036,6305,690,1,0,0
2037,3847,365,1,0,0
2038,886,95,1,0,0
2039,886,109,1,0,0
2040,2829,291,1,0,0
2041,2829,305,2,0,0
2042,5399,646,1,0,0
2043,5399,662,1,0,0
2044,6966,773,2,1,0
2045,6966,807,2,0,0
2046,6966,860,1,1,0
2047,6966,889,1,0,0
2048,6966,954,1,0,0
2049,6966,957,1,0,0
2050,5055,552,2,0,0
2051,1004,63,1,0,0
2052,1004,73,1,0,0
2053,1004,74,1,0,0
2054,6150,660,1,0,0
2055,8355,930,2,0,0
2056,2090,180,1,0,0
2057,2090,194,1,0,0
2058,6961,821,1,0,0
2059,6961,830,1,0,0
2060,275,19,1,0,0
2061,4891,568,1,0,0
2062,5726,611,1,0,0
2063,1085,55,1,0,0
2064,6692,719,1,0,0
2065,4638,486,1,0,0
2066,4638,554,1,0,0
2067,4638,660,1,0,0
2068,5759,596,1,0,0
2069,3130,334,1,0,0
2070,2739,244,1,0,0
2071,6704,738,1,0,0
2072,5071,543,1,0,0
2073,1779,159,1,0,0
2074,544,26,2,0,0
2075,544,28,1,0,0
2076,5035,542,1,1,0
2077,5035,589,1,0,0
2078,5035,728,1,0,0
2079,8373,911,1,0,0
2080,3647,376,1,0,0
2081,3796,392,1,0,0
2082,1178,83,2,0,0
2083,5513,619,2,0,0
2084,5513,679,1,0,0
2085,8331,918,1,0,0
2086,1043,57,1,0,0
2087,411,27,1,0,0
2088,411,39,2,0,0
2089,411,46,1,0,0
2090,411,50,1,0,0
2091,411,53,1,0,0
2092,2523,251,1,0,0
2093,4514,498,1,1,0
2094,5476,607,1,1,0
2095,7008,777,1,0,0
2096,7008,793,1,0,0
2097,7008,811,1,0,0
2098,7008,822,2,0,0
2099,7008,830,1,1,0
2100,3708,397,1,0,0
2101,6069,682,1,0,0
2102,891,56,1,0,0
2103,128,6,1,0,0
2104,128,11,2,0,0
2105,2529,297,2,0,0
2106,2529,307,1,0,0
2107,2636,238,2,0,0
2108,2636,253,1,0,0
2109,2636,259,1,0,0
2110,2636,294,1,0,0
2111,2636,295,2,0,0
2112,7101,797,1,0,0
2113,7101,908,2,0,0
2114,7101,951,1,0,0
2115,7101,960,1,0,0
2116,5082,555,1,0,0
2117,3460,342,1,0,0
2118,5586,789,1,0,0
2119,3459,352,1,0,0
2120,3459,358,1,0,0
2121,3459,439,1,0,0
2122,7597,867,1,1,0
2123,7597,890,1,0,0
2124,1782,166,1,0,0
2125,4243,430,1,0,0
2126,6625,736,1,0,0
2127,1633,127,1,0,0
2128,1350,84,3,0,0
2129,1350,95,1,0,0
2130,3536,377,1,0,0
2131,3536,394,2,0,0
2132,3536,399,1,1,0
2133,3536,405,1,0,0
2134,3536,418,2,0,0
2135,786,50,1,0,0
2136,3543,510,1,0,0
2137,7884,850,1,0,0
2138,2836,287,1,0,0
2139,7103,841,1,0,0
2140,7103,885,1,0,0
2141,7103,893,1,0,0
2142,7103,900,1,0,0
2143,989,58,1,0,0
2144,989,70,1,0,0
2145,7934,921,1,0,0
2146,75,3,1,0,0
2147,75,12,2,0,0
2148,2062,176,1,0,0
2149,7058,896,1,1,0
2150,179,4,1,0,0
2151,4307,419,1,0,0
2152,4307,430,1,0,0
2153,4307,452,1,0,0
2154,4307,465,1,0,0
2155,4307,476,1,0,0
2156,4307,492,2,1,0
2157,4307,501,1,0,0
2158,4307,532,1,0,0
2159,4307,559,1,1,0
2160,4307,569,1,0,0
2161,3398,333,1,0,0
2162,7356,828,1,0,0
2163,2989,335,1,1,0
2164,2912,272,1,0,0
2165,2912,279,1,0,0
2166,2912,300,1,0,0
2167,2912,355,3,0,0
2168,2912,357,2,0,0
2169,2912,360,1,0,0
2170,2574,235,1,0,0
2171,2574,266,1,0,0
2172,2337,230,1,0,0
2173,2337,232,1,0,0
2174,2720,264,1,0,0
2175,873,65,1,0,0
2176,3609,395,1,0,0
2177,5556,707,1,0,0
2178,3445,352,1,0,0
2179,3532,445,1,0,0
2180,1603,109,1,0,0
2181,1334,89,1,0,0
2182,1334,92,1,0,0
2183,3596,384,1,0,0
2184,7507,866,2,0,0
2185,2796,349,1,0,0
2186,4526,543,1,0,0
2187,4526,558,1,0,0
2188,7963,954,1,0,0
2189,2659,240,1,0,0
2190,2659,248,3,0,0
2191,2659,256,1,0,0
2192,2659,299,1,0,0
2193,2659,359,1,0,0
2194,1355,100,1,0,0
2195,1992,191,1,0,0
2196,8107,962,1,0,0
2197,6547,782,1,0,0
2198,1659,230,1,0,0
2199,6039,683,2,1,0
2200,4319,455,2,0,0
2201,4319,544,1,0,0
2202,1223,81,1,0,0
2203,1223,98,1,0,0
2204,1223,101,1,0,0
2205,2949,321,1,0,0
2206,4380,473,1,0,0
2207,1656,135,1,0,0
2208,4273,441,1,1,0
2209,4951,546,1,0,0
2210,3422,335,1,0,0
2211,7755,869,1,0,0
2212,2611,256,1,0,0
2213,2907,347,1,0,0
2214,2907,360,1,0,0
2215,3854,404,1,1,0
2216,7044,792,1,0,0
2217,7044,808,1,0,0
2218,7044,875,1,0,0
2219,7044,898,1,0,0
2220,7044,900,1,0,0
2221,7044,953,1,0,0
2222,3119,325,1,0,0
2223,117,1,1,0,0
2224,6216,691,1,1,0
2225,522,48,1,0,0
2226,2692,254,1,0,0
2227,2692,264,1,0,0
2228,7540,865,1,0,0
2229,6380,722,1,0,0
2230,5736,622,1,0,0
2231,7879,884,1,0,0
2232,1208,87,1,0,0
2233,1208,105,1,0,0
2234,1208,121,1,0,0
2235,1208,135,1,0,0
2236,1954,247,1,0,0
2237,8233,958,2,1,0
2238,3507,387,1,0,0
2239,3507,412,1,0,0
2240,3507,425,1,0,0
2241,3531,398,1,0,0
2242,3900,371,1,0,0
2243,3900,383,1,0,0
2244,7005,777,1,0,0
2245,4124,468,1,0,0
2246,2648,248,1,0,0
2247,1800,179,1,0,0
2248,1800,191,1,0,0
2249,7730,872,1,1,0
2250,3063,281,1,0,0
2251,954,63,1,0,0
2252,4871,576,1,0,0
2253,4722,479,1,0,0
2254,6372,733,1,0,0
2255,6372,747,1,0,0
2256,6138,668,1,1,0
2257,2990,314,1,0,0
2258,6015,702,2,0,0
2259,4920,692,1,0,0
2260,4920,700,1,1,0
2261,5461,593,1,0,0
2262,1706,155,2,0,0
2263,1706,168,1,0,0
2264,6941,783,1,0,0
2265,3473,329,1,0,0
2266,2380,204,1,0,0
2267,2380,212,2,0,0
2268,2380,220,1,0,0
2269,2380,225,1,0,0
2270,2380,278,2,0,0
2271,2380,293,3,0,0
2272,3361,332,1,0,0
2273,3361,344,1,0,0
2274,3361,353,1,0,0
2275,5881,687,1,0,0
2276,6228,674,1,0,0
2277,6834,730,1,0,0
2278,3522,382,1,0,0
2279,3522,398,1,0,0
2280,3522,435,1,0,0
2281,791,48,1,0,0
2282,791,50,1,0,0
2283,791,52,1,0,0
2284,8236,949,1,0,0
2285,4676,491,2,1,0
2286,4676,509,1,1,0
2287,4896,587,1,1,0
2288,7025,778,1,0,0
2289,5104,555,1,0,0
2290,4545,477,1,0,0
2291,1735,138,1,0,0
2292,1735,146,1,0,0
2293,2428,209,1,0,0
2294,1404,110,1,0,0
2295,6642,744,1,0,0
2296,6317,675,1,1,0
2297,8336,929,1,0,0
2298,6384,737,2,0,0
2299,6384,762,1,0,0
2300,1793,161,1,0,0
2301,1009,69,1,0,0
2302,5856,762,1,0,0
2303,6646,727,1,0,0
2304,6646,744,1,0,0
2305,7575,917,1,0,0
2306,104,1,1,0,0
2307,1887,150,1,0,0
2308,1123,83,2,0,0
2309,1123,90,1,0,0
2310,2859,313,2,1,0
2311,850,70,1,0,0
2312,6035,649,1,1,0
2313,6035,737,1,0,0
2314,6012,705,1,0,0
2315,3524,501,1,0,0
2316,5663,586,1,0,0
2317,6023,655,1,0,0
2318,7028,796,1,0,0
2319,7028,824,1,1,0
2320,2182,227,1,0,0
2321,5091,533,1,0,0
2322,3824,364,1,1,0
2323,6086,666,1,0,0
2324,6086,751,1,0,0
2325,6086,775,2,1,0
2326,6086,790,1,1,0
2327,6086,835,1,0,0
2328,5933,794,1,0,0
2329,4043,417,1,0,0
2330,2809,275,1,0,0
2331,2809,318,1,0,0
2332,2809,330,1,0,0
2333,2848,287,1,0,0
2334,2848,353,2,0,0
2335,2848,385,1,1,0
2336,4340,561,0,1,0
2337,4340,575,0,1,1
2338,6010,799,0,1,0
2339,6010,839,0,1,0
2340,6579,718,0,1,0
2341,5144,552,0,1,0
2342,5366,734,0,1,0
2343,2731,244,0,1,0
2344,2731,257,0,1,0
2345,5979,669,0,1,0
2346,6093,664,0,1,0
2347,3605,395,0,2,0
2348,5603,675,0,1,0
2349,4669,502,0,1,0
2350,5723,595,0,1,0
2351,5723,676,0,1,0
2352,5723,690,0,2,0
2353,3633,409,0,1,0
2354,5219,611,0,1,0
2355,5604,599,0,1,0
2356,8289,918,0,1,0
2357,4145,437,0,1,0
2358,7264,801,0,1,0
2359,7264,876,0,1,0
2360,3394,357,0,1,0
2361,4915,637,0,1,0
2362,4014,431,0,1,0
2363,5455,624,0,1,0
2364,7633,861,0,1,0
2365,5614,614,0,1,0
2366,7002,892,0,1,0
2367,4703,489,0,1,0
2368,7602,889,0,1,0
2369,2528,251,0,1,0
2370,6597,788,0,1,0
2371,6597,823,0,1,0
2372,8291,901,0,1,0
2373,6498,748,0,1,0
2374,6498,758,0,1,0
2375,2424,227,0,1,0
2376,4561,494,0,1,0
2377,7413,847,0,1,0
2378,7413,889,0,1,0
2379,7413,957,0,1,0
2380,5164,554,0,1,0
2381,6595,742,0,1,0
2382,3097,410,0,1,0
2383,7508,899,0,1,0
2384,7508,960,0,1,0
2385,8021,925,0,1,0
2386,4288,454,0,1,0
2387,5231,532,0,1,0
2388,5231,633,0,1,0
2389,5231,638,0,1,0
2390,5231,670,0,2,0
2391,7818,864,0,1,0
2392,3184,327,0,1,0
2393,5390,607,0,1,0
2394,7666,884,0,1,0
2395,5103,567,0,1,0
2396,5783,600,0,1,0
2397,5783,614,0,1,0
2398,2936,308,0,1,0
2399,4679,466,0,0,1
2400,4679,524,0,1,0
2401,5014,562,0,1,0
2402,2799,303,0,1,0
2403,5810,652,0,1,0
2404,5810,681,0,1,0
2405,6583,763,0,1,0
2406,6238,656,0,2,0
2407,3001,344,0,1,0
2408,2973,299,0,1,0
2409,2973,310,0,1,0
2410,2973,354,0,1,0
2411,2973,399,0,1,0
2412,4778,534,0,1,0
2413,4778,577,0,1,0
2414,6929,820,0,0,1
2415,2897,304,0,1,0
2416,2897,361,0,1,0
2417,3021,276,0,1,0
2418,5441,661,0,1,0
2419,5441,705,0,1,0
2420,6479,771,0,1,0
2421,6490,865,0,2,0
2422,6647,744,0,1,0
2423,1971,207,0,1,0
2424,5944,657,0,1,0
2425,5944,673,0,1,0
2426,5944,728,0,1,0
2427,3611,404,0,1,0
2428,2538,253,0,1,0
2429,3892,452,0,1,1
2430,3892,464,0,1,0
2431,3892,511,0,1,0
2432,2484,261,0,1,0
2433,7023,809,0,1,0
2434,7023,832,0,1,0
2435,3722,366,0,1,0
2436,4595,531,0,1,0
2437,7106,825,0,1,0
2438,7106,858,0,1,0
2439,7106,885,0,1,0
2440,3548,508,0,1,0
2441,6521,711,0,1,0
2442,6521,795,0,1,0
2443,8213,959,0,2,0
2444,8205,926,0,1,0
2445,7140,817,0,1,0
2446,5665,586,0,1,0
2447,6111,661,0,2,0
2448,3252,358,0,1,0
2449,5706,664,0,1,0
2450,4863,561,0,1,0
2451,4863,571,0,1,0
2452,4192,425,0,1,0
2453,7739,887,0,1,0
2454,3579,376,0,2,0
2455,5534,627,0,1,0
2456,3259,359,0,1,0
2457,6359,743,0,1,0
2458,4078,456,0,1,0
2459,4078,462,0,1,0
2460,5641,604,0,1,0
2461,5641,619,0,1,0
2462,6768,714,0,1,0
2463,4696,502,0,1,0
2464,3302,310,0,1,0
2465,7402,912,0,1,0
2466,4337,572,0,1,0
2467,4337,585,0,1,0
2468,4195,484,0,2,0
2469,4448,475,0,1,0
2470,6548,740,0,1,0
2471,3865,404,0,1,0
2472,4809,536,0,1,0
2473,2500,249,0,1,1
2474,4988,562,0,1,0
2475,3542,451,0,1,0
2476,6178,691,0,1,0
2477,7659,849,0,1,0
2478,7659,866,0,1,0
2479,5493,585,0,1,0
2480,4391,499,0,2,0
2481,2784,337,0,1,0
2482,3281,341,0,0,1
2483,7569,875,0,1,0
2484,2526,258,0,1,0
2485,7313,864,0,1,0
2486,7313,930,0,1,0
2487,6304,659,0,1,0
2488,6304,690,0,1,0
2489,6842,746,0,1,0
2490,4392,488,0,1,0
2491,4412,483,0,1,0
2492,4412,536,0,0,1
2493,4412,582,0,1,0
2494,3113,309,0,1,0
2495,7057,953,0,1,0
2496,7057,961,0,1,0
2497,4584,494,0,1,0
2498,4264,506,0,1,0
2499,7434,882,0,1,0
2500,2349,221,0,1,0
2501,5672,636,0,1,0
2502,5672,691,0,1,0
2503,2963,299,0,1,0
2504,6697,754,0,1,0
2505,8306,905,0,1,0
2506,5963,678,0,1,0
2507,5963,705,0,1,0
2508,7087,892,0,1,0
2509,4032,459,0,1,0
2510,2269,213,0,1,0
2511,6425,755,0,2,0
2512,5409,603,0,1,0
2513,6240,656,0,1,0
2514,6156,683,0,1,0
2515,7476,857,0,1,0
2516,2304,214,0,1,0
2517,5197,639,0,1,0
2518,6027,666,0,1,0
2519,3519,367,0,1,0
2520,5202,556,0,1,0
2521,3974,483,0,1,0
2522,4509,470,0,1,0
2523,4720,506,0,1,0
2524,7045,773,0,1,0
2525,7045,859,0,1,0
2526,2845,272,0,1,0
2527,3661,389,0,1,0
2528,6352,819,0,1,0
2529,4314,455,0,1,0
2530,7586,872,0,1,0
2531,6259,663,0,1,0
2532,6386,821,0,1,0
2533,4777,534,0,1,0
2534,4777,580,0,1,0
2535,7891,884,0,1,0
2536,6821,739,0,1,0
2537,6826,724,0,1,0
2538,5976,699,0,1,0
2539,8114,960,0,1,0
2540,6470,710,0,1,0
2541,6470,728,0,1,0
2542,5757,633,0,1,0
2543,5757,638,0,1,0
2544,4695,502,0,1,0
2545,6818,847,0,1,0
2546,6818,880,0,1,0
2547,6987,791,0,1,0
2548,6987,821,0,1,0
2549,6848,810,0,1,0
2550,7231,878,0,1,0
2551,5228,626,0,1,0
2552,2278,213,0,1,0
2553,4346,485,0,1,0
2554,4346,557,0,1,0
2555,6512,727,0,1,0
2556,7395,873,0,1,0
2557,7699,868,0,1,0
2558,8226,958,0,1,0
2559,4163,443,0,1,0
2560,5160,537,0,1,0
2561,3429,354,0,1,0
2562,3698,406,0,1,0
2563,7656,849,0,1,0
2564,7724,932,0,1,0
2565,6489,771,0,1,0
2566,7923,964,0,1,0
2567,6235,657,0,1,0
2568,6754,730,0,1,0
2569,3846,374,0,1,0
2570,6066,667,0,1,0
2571,3995,439,0,1,0
2572,3995,469,0,1,0
2573,3995,489,0,1,0
2574,6229,691,0,1,0
2575,6619,720,0,1,0
2576,4878,537,0,1,0
2577,5264,618,0,1,0
2578,6072,682,0,1,0
2579,6072,728,0,1,0
2580,5865,830,0,1,0
2581,5554,612,0,1,0
2582,6525,727,0,1,0
2583,6525,777,0,1,0
2584,2709,238,0,1,0
2585,7024,925,0,1,0
2586,6219,657,0,1,0
2587,5466,609,0,1,0
2588,5466,653,0,1,0
2589,5466,671,0,1,0
2590,5382,607,0,1,0
2591,8119,928,0,1,0
2592,5250,528,0,1,0
2593,4599,512,0,1,0
2594,2609,247,0,1,0
2595,2609,290,0,1,0
2596,2609,304,0,1,0
2597,2581,235,0,1,0
2598,2581,242,0,1,0
2599,2857,279,0,1,0
2600,5239,570,0,1,0
2601,8302,922,0,1,0
2602,8302,940,0,1,0
2603,7701,922,0,1,0
2604,4379,514,0,1,0
2605,3969,413,0,1,0
2606,3969,449,0,1,0
2607,3969,472,0,1,0
2608,3038,289,0,1,0
2609,3409,396,0,1,0
2610,7015,892,0,1,0
2611,6932,820,0,1,0
2612,6324,758,0,1,0
2613,4378,483,0,1,0
2614,5321,622,0,1,0
2615,4592,531,0,1,0
2616,4592,571,0,1,0
2617,7993,912,0,1,0
2618,6109,677,0,1,0
2619,4452,488,0,1,0
2620,4452,500,0,1,0
2621,5974,669,0,1,0
2622,5974,686,0,1,0
2623,6482,716,0,1,0
2624,5870,677,0,1,0
2625,8133,930,0,1,0
2626,4627,486,0,1,0
2627,6481,729,0,1,0
2628,6481,829,0,1,0
2629,5525,627,0,1,0
2630,7922,964,0,1,0
2631,4080,572,0,1,0
2632,5866,672,0,1,0
2633,6084,684,0,1,0
2634,8117,964,0,1,0
2635,5475,633,0,1,0
2636,5634,604,0,1,0
2637,4263,467,0,1,0
2638,4263,490,0,1,0
2639,5655,620,0,1,0
2640,2199,301,0,1,0
2641,8422,935,0,1,0
2642,7363,893,0,1,0
2643,5842,733,0,0,1
2644,3862,408,0,1,0
2645,5051,534,0,1,0
2646,3914,457,0,1,0
2647,4842,535,0,1,0
2648,5852,697,0,1,0
2649,5852,747,0,1,0
2650,7458,875,0,1,0
2651,4793,539,0,1,0
2652,6436,717,0,1,0
2653,6436,734,0,1,0
2654,6537,723,0,1,0
2655,6537,756,0,1,0
2656,6537,782,0,2,0
2657,3007,284,0,1,0
2658,6189,689,0,1,0
2659,5445,636,0,1,0
2660,4898,572,0,1,0
2661,7620,871,0,1,0
2662,5517,677,0,1,0
2663,3094,400,0,1,0
2664,3094,412,0,1,0
2665,3663,370,0,1,0
2666,3663,382,0,1,0
2667,7059,792,0,1,0
2668,4948,569,0,1,0
2669,4948,576,0,1,0
2670,4589,582,0,1,0
2671,7322,848,0,1,0
2672,4600,478,0,0,1
2673,5725,595,0,1,0
2674,5725,611,0,1,0
2675,7635,844,0,1,0
2676,4121,458,0,1,0
2677,7585,935,0,1,0
2678,2601,255,0,1,0
2679,6008,668,0,1,0
2680,6008,681,0,1,0
2681,4837,535,0,1,0
2682,4837,549,0,1,0
2683,4034,417,0,1,0
2684,4034,429,0,1,0
2685,6125,707,0,1,0
2686,4015,431,0,1,0
2687,4015,444,0,1,0
2688,4519,498,0,1,0
2689,5826,701,0,0,1
2690,5406,603,0,1,0
2691,6795,757,0,1,0
2692,4800,521,0,2,0
2693,5122,548,0,1,0
2694,7191,796,0,1,0
2695,7191,810,0,1,0
2696,4247,430,0,1,0
2697,2633,259,0,1,0
2698,2417,227,0,1,0
2699,4776,526,0,1,0
2700,8241,922,0,1,0
2701,8241,951,0,1,0
2702,6218,674,0,1,0
2703,4161,443,0,1,0
2704,5769,583,0,1,0
2705,3475,329,0,1,0
2706,6300,675,0,1,0
2707,6073,682,0,2,0
2708,7110,782,0,1,0
2709,7110,858,0,1,0
2710,3778,381,0,1,0
2711,3778,399,0,1,0
2712,8235,949,0,1,0
2713,5105,629,0,1,1
2714,5105,664,0,1,0
2715,8259,932,0,1,0
2716,5134,554,0,1,0
2717,7287,784,0,1,0
2718,7428,851,0,1,0
2719,7428,892,0,1,0
2720,6169,715,0,1,0
2721,6077,666,0,1,0
2722,5447,685,0,1,0
2723,5447,697,0,1,0
2724,6320,675,0,1,0
2725,6320,690,0,1,0
2726,6320,702,0,1,0
2727,6893,783,0,1,0
2728,6893,827,0,1,0
2729,6893,885,0,1,0
2730,3863,476,0,1,0
2731,3625,447,0,1,0
2732,6746,761,0,1,0
2733,7738,853,0,1,0
2734,3887,396,0,1,0
2735,5961,729,0,1,0
2736,5961,826,0,1,0
2737,3160,324,0,1,0
2738,5946,708,0,1,0
2739,8447,945,0,1,0
2740,5921,662,0,1,0
2741,7479,857,0,1,0
2742,3439,329,0,1,0
2743,5165,537,0,1,1
2744,7865,913,0,1,0
2745,6337,826,0,1,0
2746,4144,504,0,1,0
2747,4144,512,0,1,0
2748,4144,548,0,1,0
2749,4144,571,0,1,0
2750,4396,477,0,1,0
2751,4396,513,0,1,0
2752,3740,368,0,1,0
2753,5575,582,0,1,0
2754,6571,737,0,1,0
2755,6571,793,0,1,0
2756,4502,486,0,1,0
2757,6760,745,0,1,0
2758,7848,865,0,1,0
2759,7369,945,0,1,0
2760,6607,732,0,1,0
2761,6607,765,0,1,0
2762,6607,772,0,1,0
2763,2441,206,0,1,0
2764,8303,905,0,1,0
2765,8303,922,0,1,0
2766,7347,818,0,1,0
2767,4666,502,0,1,0
2768,3315,331,0,1,0
2769,6041,683,0,2,0
2770,8301,940,0,1,0
2771,3659,382,0,1,0
2772,2733,250,0,1,0
2773,2733,268,0,1,0
2774,5716,693,0,1,0
2775,7737,870,0,1,0
2776,7737,896,0,1,0
2777,4031,450,0,1,0
2778,4031,459,0,1,0
2779,5992,668,0,1,0
2780,5136,616,0,1,0
2781,5136,689,0,1,0
2782,6630,736,0,1,0
2783,6001,681,0,1,0
2784,6001,785,0,1,0
2785,3729,378,0,1,0
2786,5275,611,0,1,0
2787,6334,803,0,1,0
2788,6599,728,0,1,0
2789,6599,774,0,1,0
2790,6599,846,0,1,0
2791,6599,878,0,1,0
2792,6599,907,0,1,0
2793,4223,512,0,1,0
2794,2899,307,0,1,0
2795,2899,347,0,1,0
2796,2899,355,0,1,0
2797,6137,754,0,1,0
2798,6137,764,0,1,0
2799,4486,493,0,1,0
2800,4486,525,0,1,0
2801,4486,633,0,1,0
2802,7091,779,0,1,0
2803,7289,819,0,1,0
2804,4847,531,0,1,0
2805,4847,547,0,1,0
2806,7946,912,0,1,0
2807,7946,926,0,1,0
2808,5695,689,0,1,0
2809,4484,508,0,1,0
2810,4484,542,0,1,0
2811,4484,558,0,0,1
2812,6764,745,0,1,0
2813,4862,578,0,1,0
2814,4862,579,0,1,0
2815,6687,719,0,1,0
2816,6687,749,0,1,0
2817,6687,768,0,1,0
2818,5072,650,0,1,0
2819,5072,696,0,2,0
2820,5072,751,0,1,0
2821,5072,772,0,1,0
2822,5837,672,0,1,0
2823,8409,906,0,1,0
2824,6341,714,0,2,0
2825,7092,809,0,1,0
2826,2975,359,0,1,0
2827,2975,381,0,1,0
2828,5638,604,0,1,0
2829,5215,564,0,1,0
2830,5509,586,0,1,0
2831,5678,636,0,1,0
2832,5678,691,0,1,0
2833,6020,655,0,1,0
2834,6020,705,0,1,0
2835,6020,719,0,1,0
2836,3878,396,0,1,0
2837,3878,454,0,1,0
2838,6996,776,0,1,0
2839,5664,620,0,1,0
2840,3503,407,0,1,0
2841,3503,437,0,1,0
2842,3503,461,0,1,0
2843,4527,485,0,1,0
2844,3442,352,0,1,0
2845,6276,663,0,1,0
2846,4406,499,0,1,0
2847,5201,524,0,1,0
2848,3509,387,0,1,0
2849,7241,788,0,1,0
2850,7241,808,0,1,0
2851,5254,560,0,1,0
2852,5254,650,0,1,0
2853,4364,465,0,0,1
2854,7404,849,0,1,0
2855,7404,894,0,1,0
2856,7404,912,0,1,0
2857,8264,932,0,1,0
2858,7924,958,0,1,0
2859,2781,308,0,1,0
2860,4237,440,0,3,0
2861,6415,739,0,1,0
2862,6415,755,0,1,0
2863,5424,657,0,1,0
2864,5424,704,0,1,0
2865,5424,708,0,1,0
2866,8208,963,0,1,0
2867,4219,503,0,1,0
2868,8254,907,0,1,0
2869,6340,731,0,1,0
2870,6340,746,0,1,0
2871,4394,513,0,1,0
2872,4421,479,0,1,0
2873,6081,666,0,1,0
2874,6081,772,0,1,0
2875,6081,835,0,1,0
2876,7790,867,0,1,0
2877,7790,882,0,1,0
2878,5690,602,0,1,0
2879,5690,632,0,1,0
2880,7144,824,0,1,0
2881,8149,915,0,1,0
2882,5986,669,0,1,0
2883,5744,642,0,1,0
2884,7866,913,0,1,0
2885,8194,907,0,1,0
2886,4118,434,0,1,0
2887,5965,661,0,1,0
2888,5965,701,0,1,0
2889,7137,817,0,1,0
2890,7580,856,0,1,0
2891,5968,766,0,1,0
2892,8339,916,0,1,0
2893,8339,948,0,1,0
2894,3528,410,0,1,0
2895,7668,849,0,1,0
2896,5791,667,0,1,0
2897,4668,476,0,1,0
2898,4668,509,0,1,0
2899,5692,639,0,1,0
2900,7035,824,0,1,0
2901,5981,699,0,1,0
2902,5981,766,0,1,0
2903,7345,847,0,1,0
2904,7345,880,0,1,0
2905,7345,948,0,1,0
2906,7345,956,0,1,0
2907,4581,468,0,1,0
2908,4581,482,0,1,0
2909,2630,285,0,1,0
2910,3120,390,0,1,0
2911,8401,931,0,1,0
2912,4578,533,0,1,0
2913,1783,211,0,1,0
2914,5682,594,0,1,0
2915,7055,859,0,1,0
2916,6214,691,0,1,0
2917,6214,781,0,1,0
2918,2224,229,0,1,0
2919,4823,566,0,1,0
2920,4370,481,0,2,0
2921,7614,955,0,1,0
2922,2736,233,0,1,0
2923,2736,250,0,1,0
2924,2407,219,0,1,0
2925,4230,514,0,1,0
2926,6581,752,0,1,0
2927,6581,763,0,1,0
2928,2924,379,0,1,0
2929,2924,406,0,1,0
2930,3950,431,0,1,0
2931,3950,506,0,1,0
2932,8431,904,0,1,0
2933,4325,561,0,1,0
2934,4700,489,0,1,0
2935,5338,592,0,1,0
2936,5338,662,0,1,0
2937,7034,880,0,1,0
2938,7606,889,0,1,0
2939,7606,940,0,1,0
2940,8055,906,0,1,0
2941,5681,628,0,1,0
2942,5681,691,0,1,0
2943,4476,480,0,1,0
2944,4925,573,0,1,0
2945,5452,636,0,1,0
2946,6736,735,0,1,0
2947,3171,327,0,1,0
2948,2577,266,0,1,0
2949,8415,938,0,1,0
2950,4254,415,0,1,0
2951,5609,614,0,1,0
2952,5609,640,0,1,0
2953,3456,406,0,1,0
2954,7216,780,0,1,0
2955,7551,875,0,1,0
2956,4076,421,0,1,0
2957,6315,659,0,0,1
2958,7256,958,0,1,0
2959,8012,941,0,1,0
2960,7909,958,0,1,0
2961,7909,964,0,1,0
2962,6287,660,0,1,0
2963,4342,499,0,1,0
2964,5580,609,0,1,0
2965,5580,625,0,1,0
2966,7810,862,0,1,0
2967,7810,948,0,1,0
2968,2559,242,0,1,0
2969,5434,644,0,1,0
2970,5434,729,0,2,0
2971,5367,583,0,1,0
2972,6822,739,0,1,0
2973,7303,789,0,1,0
2974,5062,577,0,1,0
2975,4525,485,0,1,0
2976,4525,579,0,1,0
2977,6811,768,0,1,0
2978,6811,840,0,1,0
2979,6811,928,0,1,0
2980,2591,239,0,1,0
2981,2591,248,0,1,0
2982,6485,748,0,1,0
2983,6485,846,0,1,0
2984,4259,417,0,1,0
2985,5591,609,0,1,0
2986,4935,580,0,1,0
2987,6131,682,0,1,0
2988,4753,550,0,1,0
2989,4332,504,0,1,0
2990,4332,545,0,1,0
2991,4332,575,0,1,0
2992,4332,618,0,1,0
2993,6083,650,0,1,0
2994,6083,765,0,1,0
2995,6083,772,0,2,0
2996,5315,592,0,1,0
2997,3695,406,0,1,0
2998,7477,923,0,1,0
2999,8410,921,0,1,0
3000,5687,632,0,1,0
3001,7980,947,0,1,0
3002,7680,858,0,1,0
3003,4639,474,0,1,0
3004,3298,361,0,1,0
3005,3298,373,0,1,0
3006,3298,573,0,1,0
3007,7910,958,0,1,0
3008,5700,772,0,1,0
3009,3458,360,0,1,0
3010,3870,371,0,1,0
3011,3870,396,0,1,0
3012,7320,803,0,1,0
3013,2432,246,0,1,0
3014,5886,927,0,1,0
3015,3614,403,0,1,0
3016,5354,623,0,1,0
3017,5354,687,0,2,0
3018,5012,527,0,1,0
3019,3629,385,0,1,0
3020,3629,401,0,1,0
3021,7163,782,0,1,0
3022,7842,878,0,1,0
3023,7842,891,0,1,0
3024,7578,902,0,1,0
3025,3110,441,0,1,0
3026,5971,686,0,1,0
3027,5971,766,0,1,0
3028,5868,645,0,1,0
3029,7545,928,0,1,0
3030,6856,766,0,0,1
3031,6856,945,0,1,0
3032,5643,619,0,1,0
3033,4688,664,0,1,0
3034,4688,693,0,2,0
3035,4836,549,0,1,0
3036,6062,682,0,1,0
3037,3299,357,0,1,0
3038,4148,437,0,1,0
3039,4148,453,0,1,0
3040,4148,548,0,1,0
3041,7295,802,0,1,0
3042,7152,824,0,1,0
3043,5910,685,0,2,0
3044,3915,457,0,1,0
3045,3915,464,0,1,0
3046,3305,507,0,1,0
3047,2797,318,0,1,0
3048,3457,358,0,1,0
3049,3911,425,0,1,0
3050,3911,451,0,1,0
3051,3911,464,0,0,1
3052,7359,828,0,1,0
3053,6872,819,0,1,0
3054,3966,413,0,1,1
3055,3966,460,0,1,0
3056,3859,455,0,1,0
3057,3788,392,0,1,0
3058,7132,817,0,1,0
3059,7995,927,0,1,0
3060,3989,439,0,1,0
3061,3989,449,0,1,0
3062,2632,308,0,1,0
3063,5649,588,0,1,0
3064,5649,619,0,1,0
3065,6570,812,0,1,0
3066,3100,318,0,1,0
3067,4477,507,0,1,0
3068,5440,629,0,1,0
3069,4522,474,0,1,0
3070,2700,238,0,1,0
3071,4970,546,0,1,0
3072,2948,299,0,1,0
3073,3952,418,0,1,0
3074,3952,510,0,1,0
3075,7372,859,0,1,0
3076,5387,607,0,1,0
3077,7654,884,0,1,0
3078,6718,715,0,2,0
3079,6718,747,0,1,0
3080,5042,558,0,1,0
3081,5042,633,0,1,0
3082,3687,401,0,1,0
3083,6106,661,0,1,0
3084,6106,677,0,1,0
3085,5335,608,0,1,0
3086,3556,375,0,1,0
3087,6387,788,0,1,0
3088,6387,835,0,1,0
3089,6804,726,0,1,0
3090,3362,344,0,1,0
3091,3362,368,0,1,0
3092,2947,321,0,1,0
3093,6710,729,0,1,0
3094,6591,763,0,1,0
3095,2421,201,0,1,0
3096,2421,227,0,1,0
3097,6285,676,0,1,0
3098,6078,684,0,1,0
3099,6078,751,0,1,0
3100,8151,945,0,1,0
3101,7447,845,0,1,0
3102,6684,768,0,1,0
3103,2476,247,0,1,0
3104,2476,255,0,1,0
3105,5827,701,0,1,0
3106,5018,541,0,1,0
3107,3945,526,0,1,0
3108,6273,663,0,1,0
3109,4442,615,0,1,0
3110,3267,341,0,1,0
3111,8286,918,0,1,0
3112,7824,877,0,1,0
3113,3909,451,0,1,0
3114,6648,727,0,0,1
3115,3246,356,0,1,0
3116,3246,378,0,1,1
3117,2860,274,0,1,1
3118,2174,238,0,1,0
3119,5995,681,0,1,0
3120,5371,613,0,1,0
3121,4731,490,0,1,0
3122,4731,506,0,2,0
3123,5504,602,0,1,0
3124,5504,749,0,1,0
3125,3667,389,0,1,0
3126,5037,542,0,0,1
3127,2553,234,0,1,0
3128,5230,532,0,1,0
3129,5230,610,0,1,0
3130,5230,627,0,1,0
3131,5520,594,0,1,0
3132,5520,612,0,1,0
3133,6954,801,0,1,0
3134,7400,908,0,1,0
3135,7400,950,0,1,0
3136,5025,541,0,1,0
3137,5100,540,0,1,0
3138,2486,347,0,1,0
3139,7373,885,0,1,0
3140,4875,537,0,1,0
3141,8167,925,0,1,0
3142,8167,944,0,1,0
3143,4210,476,0,1,0
3144,4210,632,0,1,0
3145,5442,615,0,1,0
3146,5442,693,0,1,0
3147,5442,707,0,1,0
3148,4176,446,0,1,0
3149,5628,614,0,1,0
3150,6103,679,0,1,0
3151,6303,659,0,1,0
3152,8234,949,0,1,0
3153,8001,941,0,1,0
3154,4081,458,0,1,0
3155,3142,351,0,1,0
3156,6669,738,0,1,0
3157,7802,948,0,1,0
3158,4455,488,0,1,0
3159,6902,841,0,1,0
3160,3906,425,0,1,0
3161,3906,618,0,0,1
3162,4945,532,0,1,0
3163,4945,569,0,1,0
3164,4945,584,0,1,0
3165,4945,615,0,1,0
3166,5027,527,0,1,0
3167,5027,541,0,1,0
3168,4467,507,0,1,0
3169,4467,513,0,1,0
3170,4467,536,0,1,0
3171,4467,573,0,1,0
3172,3809,396,0,1,0
3173,5903,654,0,1,0
3174,5903,669,0,1,0
3175,8155,915,0,1,0
3176,8155,945,0,1,0
3177,6845,713,0,1,0
3178,6845,730,0,1,0
3179,5854,776,0,1,0
3180,5854,873,0,1,0
3181,3891,395,0,1,0
3182,5964,701,0,1,0
3183,5096,567,0,1,0
3184,6598,742,0,1,0
3185,3876,400,0,1,0
3186,3876,424,0,1,0
3187,6859,710,0,2,0
3188,6092,761,0,1,0
3189,6364,836,0,1,0
3190,5004,529,0,1,0
3191,5456,697,0,0,1
3192,4888,553,0,1,0
3193,4888,574,0,1,0
3194,4888,630,0,1,0
3195,5558,628,0,2,0
3196,6967,835,0,1,0
3197,6373,776,0,1,0
3198,6373,805,0,1,0
3199,6373,873,0,1,0
3200,8305,940,0,1,0
3201,3877,400,0,1,0
3202,6975,821,0,1,0
3203,5313,622,0,0,1
3204,4867,529,0,1,0
3205,4867,561,0,1,0
3206,2438,246,0,1,0
3207,2438,264,0,1,0
3208,7624,871,0,1,0
3209,6134,703,0,1,0
3210,6134,706,0,1,0
3211,4022,444,0,1,0
3212,4022,450,0,1,0
3213,6561,810,0,0,1
3214,6160,665,0,0,1
3215,6733,720,0,1,0
3216,6733,750,0,1,0
3217,5624,614,0,1,0
3218,5624,631,0,1,0
3219,6776,709,0,1,0
3220,4306,465,0,1,0
3221,5668,725,0,1,0
3222,8462,917,0,1,0
3223,5829,701,0,1,0
3224,4959,559,0,1,0
3225,8184,924,0,1,0
3226,5969,655,0,1,0
3227,5969,699,0,2,0
3228,6786,725,0,0,1
3229,6889,831,0,1,0
3230,5771,614,0,1,0
3231,4812,549,0,0,1
3232,4812,615,0,1,0
3233,4459,488,0,1,0
3234,6441,752,0,1,0
3235,4680,466,0,1,0
3236,8389,948,0,1,0
3237,2652,256,0,1,0
3238,5499,744,0,1,0
3239,4165,533,0,1,0
3240,4538,487,0,1,0
3241,4538,555,0,1,0
3242,7726,840,0,1,0
3243,7726,915,0,1,0
3244,6357,834,0,1,0
3245,6432,762,0,1,0
3246,7246,806,0,1,0
3247,4655,481,0,1,0
3248,5679,594,0,1,0
3249,5679,757,0,1,0
3250,5328,592,0,1,0
3251,5110,521,0,1,0
3252,5110,567,0,1,0
3253,6266,663,0,1,0
3254,7420,957,0,1,0
3255,6076,666,0,1,0
3256,6076,772,0,1,0
3257,4028,417,0,1,0
3258,6070,823,0,1,0
3259,6070,889,0,1,0
3260,6747,761,0,1,0
3261,4933,523,0,1,0
3262,4933,581,0,1,0
3263,4933,600,0,1,0
3264,2455,229,0,1,0
3265,3715,402,0,1,0
3266,6294,676,0,1,0
3267,7799,845,0,1,0
3268,8202,963,0,1,0
3269,7776,852,0,1,0
3270,7776,903,0,1,0
3271,7776,933,0,1,0
3272,3396,354,0,1,0
3273,3396,359,0,1,0
3274,3355,344,0,0,1
3275,3355,394,0,1,0
3276,6420,762,0,1,0
3277,6420,791,0,1,0
3278,2722,281,0,1,0
3279,4049,447,0,1,0
3280,2402,211,0,1,0
3281,4336,475,0,1,0
3282,4336,504,0,1,0
3283,5217,530,0,1,0
3284,5217,611,0,1,0
3285,6418,723,0,1,0
3286,6418,739,0,1,0
3287,4872,529,0,1,0
3288,4872,576,0,1,0
3289,4872,578,0,1,0
3290,4872,687,0,2,0
3291,6962,835,0,1,0
3292,4551,500,0,1,0
3293,4551,507,0,1,0
3294,3221,337,0,1,0
3295,6861,778,0,0,1
3296,6158,650,0,1,0
3297,6158,683,0,1,0
3298,5006,545,0,2,0
3299,5448,624,0,1,0
3300,5448,636,0,2,0
3301,5448,670,0,1,0
3302,4868,658,0,1,0
3303,4868,687,0,1,0
3304,7712,951,0,1,0
3305,5454,624,0,1,0
3306,5454,670,0,1,0
3307,5454,697,0,1,0
3308,5454,708,0,1,0
3309,5463,671,0,1,0
3310,2215,221,0,1,0
3311,5400,646,0,1,0
3312,2054,232,0,1,0
3313,4125,453,0,1,0
3314,4979,565,0,1,0
3315,4048,434,0,1,0
3316,5108,619,0,2,0
3317,5108,664,0,1,0
3318,5108,679,0,1,0
3319,5707,601,0,1,0
3320,5707,680,0,1,0
3321,4684,618,0,1,0
3322,4684,648,0,1,0
3323,7230,846,0,1,0
3324,7230,889,0,1,0
3325,7230,924,0,1,0
3326,5282,704,0,1,0
3327,3101,342,0,1,0
3328,4178,436,0,1,0
3329,4084,507,0,1,0
3330,4084,550,0,1,0
3331,4084,565,0,1,0
3332,7063,781,0,1,0
3333,5958,729,0,1,0
3334,5958,829,0,1,0
3335,5958,836,0,1,0
3336,6971,773,0,1,0
3337,6971,821,0,1,0
3338,5955,701,0,1,0
3339,5955,759,0,1,0
3340,5955,771,0,1,0
3341,4594,478,0,1,0
3342,2426,201,0,1,0
3343,4258,417,0,1,0
3344,6452,745,0,1,0
3345,6452,759,0,1,0
3346,4446,475,0,1,0
3347,6241,692,0,1,0
3348,4830,519,0,1,0
3349,3816,388,0,1,0
3350,3985,439,0,1,0
3351,3985,469,0,1,0
3352,5224,530,0,1,0
3353,5224,547,0,1,0
3354,7486,869,0,1,0
3355,6096,664,0,1,0
3356,4629,538,0,0,1
3357,7054,808,0,0,1
3358,7054,898,0,1,0
3359,7663,849,0,1,0
3360,5474,633,0,0,1
3361,5474,682,0,1,0
3362,5474,760,0,1,0
3363,5474,823,0,1,0
3364,8247,922,0,1,0
3365,8223,958,0,1,0
3366,5738,590,0,1,1
3367,5738,635,0,1,0
3368,5836,697,0,1,0
3369,5836,716,0,0,1
3370,7796,862,0,1,0
3371,2067,230,0,1,0
3372,5710,587,0,1,0
3373,5710,664,0,1,0
3374,5710,693,0,1,0
3375,6535,756,0,1,0
3376,5444,624,0,1,0
3377,7610,871,0,1,0
3378,2640,259,0,1,0
3379,2640,267,0,1,0
3380,2640,308,0,1,0
3381,8307,940,0,1,0
3382,7704,939,0,1,0
3383,5432,615,0,1,0
3384,7812,879,0,1,0
3385,7401,873,0,1,0
3386,3464,348,0,1,0
3387,3464,360,0,1,0
3388,5552,696,0,1,0
3389,7355,818,0,1,0
3390,3076,393,0,1,0
3391,4818,520,0,1,0
3392,5070,577,0,1,0
3393,5070,579,0,1,0
3394,5039,633,0,1,0
3395,5286,642,0,1,0
3396,8165,925,0,1,0
3397,3919,429,0,1,0
3398,3919,520,0,1,0
3399,5063,558,0,1,0
3400,5063,575,0,1,0
3401,7731,872,0,1,0
3402,6224,724,0,1,0
3403,8010,912,0,1,0
3404,3822,375,0,1,0
3405,3822,388,0,1,0
3406,8457,917,0,0,1
3407,5754,622,0,1,0
3408,5754,640,0,1,0
3409,5277,625,0,1,0
3410,5277,634,0,1,0
3411,7622,871,0,1,0
3412,5375,598,0,1,0
3413,5375,613,0,1,0
3414,5375,752,0,1,0
3415,5533,677,0,1,0
3416,6075,696,0,2,0
3417,6075,769,0,1,0
3418,3935,416,0,1,0
3419,4487,493,0,1,0
3420,4487,508,0,2,0
3421,3093,412,0,1,0
3422,3093,457,0,1,0
3423,3093,461,0,1,0
3424,4540,500,0,1,0
3425,2674,250,0,1,0
3426,3694,379,0,1,0
3427,2793,303,0,1,0
3428,6556,750,0,1,0
3429,8283,901,0,1,0
3430,7774,952,0,1,0
3431,4083,428,0,1,0
3432,6724,729,0,1,0
3433,7319,789,0,1,0
3434,3420,354,0,1,0
3435,3212,325,0,1,0
3436,4390,488,0,1,0
3437,4390,499,0,1,0
3438,4390,511,0,1,0
3439,4390,521,0,1,0
3440,7984,913,0,1,0
3441,7984,947,0,1,0
3442,2730,257,0,1,0
3443,6808,772,0,1,0
3444,6698,738,0,1,0
3445,7406,883,0,1,0
3446,6797,757,0,1,0
3447,4513,498,0,1,0
3448,2942,301,0,1,1
3449,5831,649,0,1,0
3450,3869,400,0,1,0
3451,2460,229,0,1,0
3452,4615,495,0,1,0
3453,6801,789,0,1,0
3454,7093,809,0,1,0
3455,6407,807,0,1,0
3456,5126,531,0,1,0
3457,5126,548,0,1,0
3458,2631,301,0,1,0
3459,6239,674,0,1,0
3460,6408,734,0,1,0
3461,6408,751,0,1,0
3462,6408,807,0,1,0
3463,2651,357,0,1,0
3464,4324,440,0,1,0
3465,4324,457,0,2,0
3466,2841,272,0,1,0
3467,4565,565,0,1,0
3468,5949,704,0,1,0
3469,5949,706,0,1,0
3470,6921,849,0,1,0
3471,6029,666,0,1,0
3472,6029,721,0,1,0
3473,6029,780,0,1,0
3474,6029,793,0,1,0
3475,4402,508,0,1,0
3476,5531,594,0,1,0
3477,5531,661,0,1,0
3478,6429,739,0,1,0
3479,6429,755,0,1,0
3480,2760,236,0,1,0
3481,6363,767,0,1,0
3482,6363,859,0,1,0
3483,6363,885,0,1,0
3484,6363,958,0,1,0
3485,6363,961,0,1,0
3486,6225,724,0,1,0
3487,2250,223,0,1,0
3488,4530,474,0,1,0
3489,4993,545,0,1,0
3490,5924,678,0,1,0
3491,5924,695,0,1,0
3492,5924,798,0,1,0
3493,5924,816,0,0,1
3494,5773,614,0,1,0
3495,3467,406,0,1,0
3496,3467,412,0,1,0
3497,3467,452,0,1,0
3498,3467,544,0,1,0
3499,3467,569,0,1,0
3500,3991,469,0,1,0
3501,3991,489,0,1,0
3502,4358,481,0,1,0
3503,3684,388,0,1,0
3504,3512,373,0,1,0
3505,3512,451,0,1,0
3506,3512,461,0,2,0
3507,5975,669,0,1,0
3508,3231,316,0,1,0
3509,3231,369,0,1,0
3510,4149,453,0,1,0
3511,6159,650,0,1,0
3512,6159,665,0,1,0
3513,5510,586,0,1,0
3514,2454,229,0,1,0
3515,2699,254,0,1,0
3516,6155,650,0,1,0
3517,6494,733,0,1,0
3518,4255,415,0,1,0
3519,4255,430,0,1,0
3520,2634,253,0,1,0
3521,2634,270,0,1,0
3522,5977,655,0,1,0
3523,5977,699,0,1,0
3524,5977,786,0,1,0
3525,5977,800,0,1,0
3526,5333,592,0,1,0
3527,5333,662,0,1,0
3528,5333,677,0,1,0
3529,4480,482,0,1,0
3530,7484,838,0,1,0
3531,4100,452,0,1,0
3532,4100,485,0,1,0
3533,4100,498,0,1,0
3534,4100,510,0,1,0
3535,5934,695,0,1,0
3536,5934,713,0,1,0
3537,5934,731,0,1,0
3538,6145,675,0,1,0
3539,5689,676,0,1,0
3540,5689,700,0,1,0
3541,5689,772,0,1,0
3542,7394,937,0,1,0
3543,5437,638,0,1,0
3544,6089,696,0,1,0
3545,3823,422,0,1,0
3546,4523,485,0,1,0
3547,4928,600,0,0,1
3548,4631,497,0,1,0
3549,7977,929,0,1,0
3550,5673,628,0,1,0
3551,5673,744,0,1,0
3552,5585,595,0,1,0
3553,5585,625,0,1,0
3554,4657,466,0,1,0
3555,4657,492,0,1,0
3556,2547,234,0,1,0
3557,4262,441,0,1,0
3558,7782,867,0,1,0
3559,4782,658,0,1,0
3560,8212,959,0,1,0
3561,5735,608,0,1,0
3562,5735,622,0,1,0
3563,4774,542,0,0,1
3564,4774,593,0,1,0
3565,6527,743,0,1,0
3566,6527,795,0,2,0
3567,5973,686,0,1,0
3568,5867,677,0,1,0
3569,5867,832,0,1,0
3570,5111,567,0,1,0
3571,4473,507,0,1,0
3572,6117,677,0,1,0
3573,4033,442,0,1,0
3574,7062,816,0,1,0
3575,5046,624,0,1,0
3576,4563,480,0,1,0
3577,2418,201,0,1,0
3578,6681,768,0,1,0
3579,6920,802,0,1,0
3580,6920,899,0,1,0
3581,4060,423,0,1,0
3582,4808,536,0,1,0
3583,6860,766,0,1,0
3584,6860,771,0,1,0
3585,4939,576,0,0,1
3586,7613,854,0,1,0
3587,6593,851,0,1,0
3588,7591,925,0,1,0
3589,4281,446,0,1,0
3590,3976,413,0,1,0
3591,3976,449,0,1,0
3592,6531,756,0,1,0
3593,5135,675,0,1,0
3594,6608,717,0,1,0
3595,6608,765,0,1,0
3596,6608,772,0,1,0
3597,5588,625,0,1,0
3598,5519,594,0,1,0
3599,3907,464,0,1,1
3600,7173,813,0,1,0
3601,7173,839,0,1,0
3602,8148,915,0,1,0
3603,2578,235,0,1,0
3604,3201,328,0,1,0
3605,7116,818,0,1,0
3606,7116,836,0,1,0
3607,7212,812,0,1,0
3608,5028,671,0,1,0
3609,4321,455,0,1,0
3610,2272,213,0,1,0
3611,7527,841,0,1,0
3612,8326,918,0,1,0
3613,8106,951,0,1,0
3614,5913,654,0,1,0
3615,6231,739,0,0,1
3616,6231,847,0,1,0
3617,6231,891,0,1,0
3618,2554,242,0,1,0
3619,6540,756,0,1,0
3620,4620,484,0,1,0
3621,4929,553,0,1,0
3622,4185,610,0,1,0
3623,7783,867,0,1,0
3624,6126,707,0,1,0
3625,6126,764,0,0,1
3626,7990,947,0,1,0
3627,6729,750,0,1,0
3628,6000,668,0,1,0
3629,6577,780,0,1,0
3630,7324,820,0,1,0
3631,6170,665,0,1,0
3632,5431,641,0,1,0
3633,5128,538,0,1,0
3634,7958,947,0,1,0
3635,5953,710,0,1,0
3636,7994,941,0,1,0
3637,7066,798,0,1,0
3638,6220,691,0,1,0
3639,3411,383,0,1,0
3640,5146,517,0,1,0
3641,5146,533,0,1,0
3642,6503,733,0,1,0
3643,7046,773,0,1,0
3644,7046,896,0,1,0
3645,7046,927,0,1,0
3646,3419,414,0,1,0
3647,4926,523,0,1,0
3648,4926,538,0,0,1
3649,4926,657,0,1,0
3650,4926,673,0,1,0
3651,6499,715,0,1,0
3652,4393,488,0,1,0
3653,4393,499,0,1,0
3654,4393,513,0,1,0
3655,4393,515,0,1,0
3656,2966,298,0,1,0
3657,3957,496,0,1,0
3658,3957,517,0,1,0
3659,3957,574,0,1,0
3660,2478,266,0,1,0
3661,5176,537,0,1,0
3662,5176,554,0,1,0
3663,5176,604,0,1,0
3664,3965,426,0,1,0
3665,3965,449,0,1,0
3666,6306,690,0,1,0
3667,5675,628,0,1,0
3668,5704,601,0,1,0
3669,5561,582,0,1,0
3670,3751,403,0,1,0
3671,8084,901,0,1,0
3672,8084,919,0,1,0
3673,6365,712,0,1,0
3674,6365,726,0,1,0
3675,8396,956,0,1,0
3676,6051,653,0,1,0
3677,4931,704,0,1,0
3678,4557,507,0,1,0
3679,4557,539,0,1,0
3680,6666,738,0,1,0
3681,7700,868,0,1,0
3682,2551,234,0,1,1
3683,2575,235,0,1,0
3684,6242,674,0,1,0
3685,6242,692,0,1,0
3686,5446,636,0,1,0
3687,8109,964,0,1,0
3688,3918,429,0,1,0
3689,3918,441,0,1,0
3690,6550,740,0,1,0
3691,5543,696,0,1,0
3692,7805,929,0,1,0
3693,7805,948,0,1,0
3694,5430,615,0,2,0
3695,6730,761,0,1,0
3696,7465,843,0,1,0
3697,5557,682,0,1,0
3698,3933,441,0,1,0
3699,4796,539,0,1,0
3700,4876,537,0,1,0
3701,8227,958,0,1,0
3702,3395,346,0,1,0
3703,3395,357,0,1,0
3704,3395,399,0,1,0
3705,6734,735,0,2,0
3706,3872,396,0,0,1
3707,5545,668,0,1,0
3708,4030,450,0,1,0
3709,3153,324,0,1,0
3710,3153,438,0,1,0
3711,3153,460,0,1,0
3712,5742,635,0,1,0
3713,6513,727,0,1,0
3714,6513,795,0,1,0
3715,5297,737,0,2,0
3716,5297,762,0,1,0
3717,5951,708,0,1,0
3718,5758,633,0,1,0
3719,5758,638,0,1,0
3720,5758,670,0,0,1
3721,7819,848,0,1,0
3722,7897,870,0,1,0
3723,7897,893,0,1,0
3724,7897,932,0,1,0
3725,6381,754,0,1,0
3726,6381,765,0,0,1
3727,8210,962,0,1,0
3728,4447,500,0,1,0
3729,6854,945,0,1,0
3730,5064,526,0,0,1
3731,5174,586,0,1,0
3732,5383,591,0,1,0
3733,3895,406,0,0,1
3734,3895,439,0,1,0
3735,5715,618,0,1,0
3736,3015,292,0,1,0
3737,6234,691,0,1,0
3738,6234,724,0,1,0
3739,4665,491,0,1,0
3740,4665,502,0,1,0
3741,3148,336,0,1,0
3742,6576,737,0,1,0
3743,7694,858,0,1,0
3744,7385,937,0,1,0
3745,7385,950,0,1,0
3746,4980,519,0,1,0
3747,3704,406,0,2,0
3748,5994,651,0,1,0
3749,5994,668,0,1,0
3750,5994,799,0,1,0
3751,7579,856,0,1,0
3752,4628,474,0,1,0
3753,4691,484,0,1,0
3754,2271,213,0,1,0
3755,6302,690,0,1,0
3756,5298,615,0,1,0
3757,4646,497,0,1,0
3758,2530,351,0,1,0
3759,2189,230,0,1,0
3760,2189,257,0,1,0
3761,5257,694,0,1,0
3762,5257,701,0,1,0
3763,4670,556,0,1,0
3764,6885,827,0,1,0
3765,5559,612,0,1,0
3766,4533,498,0,1,0
3767,4989,562,0,1,0
3768,2776,309,0,1,0
3769,5412,680,0,1,0
3770,5412,703,0,1,0
3771,3961,451,0,1,0
3772,6050,763,0,1,0
3773,2794,345,0,1,0
3774,8323,918,0,1,0
3775,5734,643,0,1,0
3776,2439,214,0,1,0
3777,2439,246,0,1,0
3778,4208,455,0,1,0
3779,7690,873,0,1,0
3780,6175,673,0,1,0
3781,4566,471,0,1,0
3782,4566,551,0,1,0
3783,5364,605,0,1,0
3784,5364,658,0,1,0
3785,5364,671,0,1,0
3786,6221,657,0,1,0
3787,5205,524,0,1,0
3788,5685,775,0,1,0
3789,4369,465,0,1,0
3790,5793,652,0,1,0
3791,4347,497,0,1,0
3792,4440,476,0,1,0
3793,4440,492,0,1,0
3794,2396,219,0,1,0
3795,4923,523,0,1,0
3796,4923,573,0,1,0
3797,4923,580,0,1,0
3798,7469,874,0,1,0
3799,7809,929,0,1,0
3800,5930,647,0,1,0
3801,5930,794,0,1,0
3802,4055,447,0,1,0
3803,4738,572,0,1,0
3804,7616,839,0,1,0
3805,7616,871,0,1,0
3806,3956,418,0,1,0
3807,3956,431,0,1,0
3808,6132,652,0,1,0
3809,6132,696,0,1,0
3810,6652,727,0,1,0
3811,6652,744,0,1,0
3812,3559,361,0,1,0
3813,4881,522,0,1,0
3814,3368,320,0,1,0
3815,3595,384,0,1,0
3816,4386,672,0,1,0
3817,4386,704,0,1,0
3818,3506,400,0,1,0
3819,8164,935,0,1,0
3820,4323,541,0,1,0
3821,3662,382,0,1,0
3822,5617,598,0,1,0
3823,4574,494,0,1,0
3824,4784,577,0,1,0
3825,6290,660,0,1,0
3826,5741,608,0,1,0
3827,5741,642,0,1,0
3828,5741,643,0,1,0
3829,5845,653,0,1,0
3830,5845,697,0,1,0
3831,2178,227,0,1,0
3832,2178,231,0,1,0
3833,4903,563,0,1,0
3834,4415,615,0,1,0
3835,8295,918,0,1,0
3836,3081,330,0,1,0
3837,3081,368,0,1,0
3838,7509,892,0,1,0
3839,7309,819,0,1,0
3840,4221,444,0,1,0
3841,4221,484,0,1,0
3842,4221,512,0,2,0
3843,4910,563,0,1,0
3844,4910,637,0,1,0
3845,6919,787,0,1,0
3846,6919,849,0,1,0
3847,6919,897,0,1,0
3848,7525,893,0,1,0
3849,7525,897,0,1,0
3850,3054,303,0,1,0
3851,6838,758,0,1,0
3852,7822,864,0,1,0
3853,7822,877,0,1,0
3854,7822,930,0,1,0
3855,7822,954,0,1,0
3856,7603,924,0,1,0
3857,6615,832,0,1,0
3858,6615,834,0,1,0
3859,6807,768,0,1,0
3860,6807,887,0,1,0
3861,5817,649,0,1,0
3862,5817,694,0,1,0
3863,5817,726,0,1,0
3864,5780,600,0,1,0
3865,8222,934,0,1,0
3866,3831,364,0,1,0
3867,2068,201,0,1,0
3868,7748,870,0,2,0
3869,5191,543,0,1,0
3870,3803,383,0,1,0
3871,7318,803,0,1,0
3872,7318,864,0,1,0
3873,6245,692,0,1,0
3874,8417,921,0,1,0
3875,5206,540,0,1,0
3876,3423,350,0,1,0
3877,3423,425,0,0,1
3878,4741,561,0,1,0
3879,4966,546,0,1,0
3880,2623,253,0,1,0
3881,2623,270,0,1,0
3882,5581,595,0,1,0
3883,4942,532,0,1,0
3884,4942,638,0,1,0
3885,7454,875,0,1,0
3886,3615,378,0,1,0
3887,5183,557,0,1,0
3888,5751,635,0,1,0
3889,7022,832,0,1,0
3890,7022,860,0,1,0
3891,6048,653,0,1,0
3892,7042,859,0,1,0
3893,7042,900,0,1,0
3894,4042,459,0,1,0
3895,7414,889,0,1,0
3896,5932,663,0,1,0
3897,5656,586,0,1,0
3898,5656,620,0,1,0
3899,6422,739,0,1,0
3900,7367,822,0,1,0
3901,7367,945,0,1,0
3902,6013,655,0,1,0
3903,6013,670,0,0,1
3904,5178,537,0,1,0
3905,5178,586,0,1,0
3906,3805,383,0,1,0
3907,6763,730,0,1,0
3908,6763,745,0,1,0
3909,7636,876,0,1,0
3910,7047,808,0,1,0
3911,7047,844,0,1,0
3912,3882,371,0,1,0
3913,4690,496,0,1,0
3914,7811,862,0,1,0
3915,7811,879,0,1,0
3916,3712,379,0,1,0
3917,5184,525,0,1,0
3918,5184,557,0,1,0
3919,5184,641,0,1,0
3920,7004,777,0,1,0
3921,7004,851,0,0,1
3922,7004,892,0,1,0
3923,5816,684,0,1,0
3924,2774,308,0,1,0
3925,2774,347,0,1,0
3926,5283,606,0,1,0
3927,5283,644,0,1,0
3928,3304,360,0,1,0
3929,7376,876,0,1,0
3930,7376,885,0,1,0
3931,6421,739,0,1,0
3932,3418,354,0,1,0
3933,7765,837,0,1,0
3934,7011,811,0,1,0
3935,4757,550,0,1,0
3936,5835,653,0,1,0
3937,5835,716,0,1,0
3938,5835,733,0,1,0
3939,3707,367,0,1,0
3940,4807,536,0,1,0
3941,4807,599,0,1,0
3942,7667,884,0,1,0
3943,4268,417,0,0,1
3944,7158,798,0,1,0
3945,4070,460,0,1,0
3946,4228,444,0,1,0
3947,3931,441,0,1,0
3948,3477,329,0,1,0
3949,4946,584,0,1,0
3950,4946,615,0,1,0
3951,7718,872,0,1,0
3952,4085,442,0,1,0
3953,4085,454,0,1,0
3954,7186,810,0,1,0
3955,2333,230,0,1,0
3956,3889,419,0,1,0
3957,3889,430,0,1,0
3958,3889,492,0,1,0
3959,7099,782,0,1,0
3960,7099,797,0,1,0
3961,3923,441,0,0,1
3962,2738,233,0,1,0
3963,6080,696,0,1,0
3964,6080,751,0,1,0
3965,5405,630,0,1,0
3966,5714,587,0,1,0
3967,6133,682,0,1,0
3968,5232,546,0,1,0
3969,4284,446,0,1,0
3970,4438,501,0,1,0
3971,4438,511,0,1,0
3972,6396,734,0,1,0
3973,4285,435,0,1,0
3974,6755,730,0,1,0
3975,6940,783,0,1,0
3976,5340,592,0,1,0
3977,6157,729,0,1,0
3978,8426,904,0,1,0
3979,6313,702,0,1,0
3980,5848,747,0,1,0
3981,3511,373,0,1,0
3982,3511,400,0,1,0
3983,7245,832,0,1,0
3984,7245,834,0,1,0
3985,4152,490,0,1,0
3986,4625,473,0,1,0
3987,4625,495,0,1,0
3988,6497,715,0,1,0
3989,2815,276,0,1,0
3990,4982,565,0,1,0
3991,3921,429,0,1,0
3992,3921,441,0,1,0
3993,2466,257,0,1,0
3994,2466,270,0,1,0
3995,6087,666,0,1,0
3996,6087,696,0,1,0
3997,6087,769,0,1,0
3998,6087,772,0,1,0
3999,4119,616,0,1,0
4000,3250,331,0,1,0
4001,3250,340,0,1,0
4002,3250,374,0,1,0
4003,3688,401,0,1,0
4004,4282,424,0,1,0
4005,4282,454,0,1,0
4006,3510,412,0,1,0
4007,7560,875,0,1,0
4008,5357,589,0,0,1
4009,2864,279,0,1,0
4010,2419,201,0,1,0
4011,6135,652,0,1,0
4012,6135,721,0,1,0
4013,6135,872,0,1,0
4014,6135,886,0,1,0
4015,6374,716,0,1,0
4016,6916,802,0,1,0
4017,6916,831,0,1,0
4018,6916,894,0,1,0
4019,6916,897,0,1,0
4020,6351,714,0,1,0
4021,6351,746,0,1,0
4022,3857,362,0,1,0
4023,5121,571,0,1,0
4024,5544,628,0,0,1
4025,4610,473,0,1,0
4026,4610,495,0,1,0
4027,3451,352,0,1,0
4028,7027,880,0,1,0
4029,7027,911,0,1,0
4030,8273,901,0,1,0
4031,4848,563,0,1,0
4032,7629,909,0,1,0
4033,7445,845,0,1,0
4034,7445,911,0,1,0
4035,7445,925,0,1,0
4036,4317,440,0,1,0
4037,5325,592,0,1,0
4038,4035,442,0,1,0
4039,7040,796,0,1,0
4040,5931,695,0,1,0
4041,5931,703,0,1,0
4042,4227,418,0,1,0
4043,4351,593,0,1,0
4044,3310,343,0,1,0
4045,6722,747,0,1,0
4046,6102,647,0,1,0
4047,6924,831,0,1,0
4048,6924,897,0,1,0
4049,4539,555,0,1,0
4050,3851,408,0,1,0
4051,4568,533,0,1,0
4052,4568,565,0,1,0
4053,4880,574,0,1,0
4054,4880,598,0,1,0
4055,6283,660,0,1,0
4056,4384,506,0,0,1
4057,4384,566,0,1,0
4058,5188,543,0,1,0
4059,2950,278,0,1,0
4060,2950,333,0,1,0
4061,3673,382,0,1,0
4062,2236,267,0,1,0
4063,7732,854,0,1,0
4064,6984,807,0,1,0
4065,5032,558,0,1,0
4066,6467,741,0,0,1
4067,5233,610,0,1,0
4068,7650,849,0,1,0
4069,7650,866,0,1,0
4070,5929,695,0,1,0
4071,5654,620,0,1,0
4072,6469,710,0,1,0
4073,6469,782,0,1,0
4074,4098,505,0,1,0
4075,5429,629,0,1,0
4076,6539,815,0,1,0
4077,5351,608,0,1,0
4078,2580,258,0,1,0
4079,6063,728,0,1,0
4080,3112,435,0,2,0
4081,8198,924,0,1,0
4082,8220,903,0,1,0
4083,1824,230,0,1,0
4084,3753,390,0,1,0
4085,7377,859,0,1,0
4086,7377,939,0,1,0
4087,7377,958,0,1,0
4088,7377,964,0,1,0
4089,5538,612,0,1,0
4090,5538,628,0,1,0
4091,4029,450,0,1,0
4092,7409,883,0,1,0
4093,7409,942,0,1,0
4094,3300,388,0,1,0
4095,6195,764,0,1,0
4096,6195,791,0,1,0
4097,6867,769,0,1,0
4098,6867,778,0,1,0
4099,6867,914,0,1,0
4100,4937,613,0,1,0
4101,7504,850,0,1,0
4102,7504,898,0,1,0
4103,8219,958,0,1,0
4104,5804,681,0,1,0
4105,6943,813,0,1,0
4106,5145,552,0,0,1
4107,2747,250,0,1,0
4108,2849,282,0,1,0
4109,8159,935,0,1,0
4110,7429,892,0,1,0
4111,7961,947,0,1,0
4112,8476,936,0,1,0
4113,4541,524,0,1,0
4114,4541,539,0,1,0
4115,5776,600,0,1,0
4116,8461,904,0,1,0
4117,4555,487,0,1,0
4118,4555,507,0,1,0
4119,7422,931,0,1,0
4120,7847,865,0,1,0
4121,7847,878,0,1,0
4122,7847,895,0,1,0
4123,4921,538,0,1,0
4124,4921,578,0,0,1
4125,4359,465,0,1,0
4126,5650,619,0,0,1
4127,4218,503,0,1,0
4128,4218,514,0,1,0
4129,4642,486,0,1,0
4130,5811,667,0,1,0
4131,5506,602,0,1,0
4132,5185,639,0,1,0
4133,6520,777,0,1,0
4134,4883,537,0,0,1
4135,7880,884,0,1,0
4136,4866,541,0,1,0
4137,4866,578,0,1,0
4138,4866,579,0,1,0
4139,6770,714,0,1,0
4140,4087,461,0,1,0
4141,3303,355,0,1,0
4142,3303,360,0,1,0
4143,6044,721,0,1,0
4144,7169,872,0,1,0
4145,2533,253,0,1,0
4146,7419,957,0,1,0
4147,5259,585,0,1,0
4148,5050,518,0,1,0
4149,5050,534,0,1,0
4150,4729,633,0,1,0
4151,4873,579,0,1,0
4152,2542,245,0,1,0
4153,5772,600,0,1,0
4154,5772,614,0,1,0
4155,4427,563,0,1,0
4156,5589,609,0,1,0
4157,8064,937,0,1,0
4158,3256,353,0,1,0
4159,7599,881,0,1,0
4160,5097,540,0,1,0
4161,5097,567,0,1,0
4162,5097,602,0,1,0
4163,5728,676,0,1,0
4164,5728,690,0,1,0
4165,6176,691,0,1,0
4166,4708,467,0,1,0
4167,4708,502,0,1,0
4168,3672,382,0,1,1
4169,8310,905,0,1,0
4170,4103,452,0,1,0
4171,3363,344,0,1,0
4172,3363,353,0,1,0
4173,3363,380,0,1,0
4174,5044,525,0,1,0
4175,5819,684,0,1,0
4176,5819,701,0,1,0
4177,5819,726,0,1,0
4178,5819,767,0,1,0
4179,5819,836,0,1,0
4180,5819,876,0,1,0
4181,5819,885,0,1,0
4182,6901,805,0,1,0
4183,3749,370,0,1,0
4184,3749,379,0,1,0
4185,3920,535,0,1,0
4186,3920,550,0,1,0
4187,7337,827,0,1,0
4188,7337,891,0,1,0
4189,7337,948,0,1,0
4190,5762,713,0,1,0
4191,5762,758,0,1,0
4192,3599,372,0,1,0
4193,7316,789,0,1,0
4194,8166,944,0,1,0
4195,1975,258,0,1,0
4196,1975,269,0,1,0
4197,2334,230,0,1,0
4198,5939,647,0,1,0
4199,4300,511,0,1,0
4200,4300,559,0,1,0
4201,6825,756,0,1,0
4202,6825,827,0,1,0
4203,4750,550,0,1,0
4204,6267,663,0,1,0
4205,6267,679,0,1,0
4206,4877,568,0,1,0
4207,6336,746,0,2,0
4208,5984,699,0,1,0
4209,8342,916,0,1,0
4210,8342,948,0,1,0
4211,5763,633,0,1,0
4212,5058,552,0,1,0
4213,4478,507,0,0,1
4214,4481,471,0,1,0
4215,4481,508,0,1,0
4216,6850,794,0,1,0
4217,7857,848,0,1,0
4218,8104,923,0,1,0
4219,5753,590,0,2,0
4220,6840,713,0,1,0
4221,6100,763,0,1,0
4222,6852,778,0,1,0
4223,4640,486,0,1,0
4224,4640,503,0,1,0
4225,4640,522,0,1,0
4226,3960,506,0,1,0
4227,3960,516,0,1,0
4228,3623,403,0,1,0
4229,4333,504,0,1,0
4230,4940,532,0,1,0
4231,4940,576,0,1,0
4232,2564,252,0,1,0
4233,7267,814,0,1,0
4234,3515,461,0,1,0
4235,3515,499,0,1,0
4236,3515,504,0,1,0
4237,5737,590,0,1,0
4238,4789,590,0,1,0
4239,7052,844,0,1,0
4240,7052,957,0,1,0
4241,4879,583,0,1,0
4242,3463,409,0,1,0
4243,4924,580,0,2,0
4244,7542,928,0,1,0
4245,4826,519,0,1,0
4246,4826,549,0,1,0
4247,5579,625,0,1,0
4248,6165,683,0,1,0
4249,7914,958,0,1,0
4250,7914,961,0,1,0
4251,5078,601,0,1,0
4252,3455,352,0,1,0
4253,3455,412,0,1,0
4254,4732,479,0,1,0
4255,4597,504,0,1,0
4256,4597,512,0,1,0
4257,5469,593,0,1,0
4258,5469,635,0,1,0
4259,7608,878,0,1,0
4260,4428,563,0,1,0
4261,4892,598,0,1,0
4262,4198,424,0,1,0
4263,2788,274,0,1,0
4264,2788,351,0,1,0
4265,3913,425,0,1,0
4266,3913,437,0,1,0
4267,3913,457,0,1,0
4268,3091,347,0,1,0
4269,3091,351,0,0,1
4270,3091,412,0,1,0
4271,3091,425,0,1,0
4272,3091,464,0,1,0
4273,6250,656,0,1,0
4274,6250,674,0,1,0
4275,6862,766,0,1,0
4276,6862,810,0,1,0
4277,4667,502,0,1,0
4278,2746,268,0,1,0
4279,4825,566,0,1,0
4280,5240,570,0,1,0
4281,6128,668,0,1,0
4282,6128,696,0,2,0
4283,6128,707,0,1,0
4284,4598,478,0,1,0
4285,4901,572,0,0,1
4286,4733,572,0,1,0
4287,6622,736,0,1,0
4288,6622,749,0,1,0
4289,4205,424,0,1,0
4290,6198,676,0,1,0
4291,7021,824,0,1,0
4292,2519,243,0,1,0
4293,7117,846,0,1,0
4294,4395,521,0,1,0
4295,7485,838,0,1,0
4296,7033,832,0,1,0
4297,6703,754,0,1,0
4298,6703,784,0,0,1
4299,4503,498,0,1,0
4300,8086,901,0,1,0
4301,2483,255,0,1,0
4302,7500,853,0,1,0
4303,5115,586,0,1,0
4304,5115,664,0,1,0
4305,4608,473,0,1,0
4306,7684,843,0,1,0
4307,6473,741,0,1,0
4308,4831,535,0,1,0
4309,6534,798,0,1,0
4310,4277,441,0,1,0
4311,4277,506,0,1,0
4312,4713,502,0,1,0
4313,7734,887,0,1,0
4314,6215,657,0,1,0
4315,5212,611,0,1,0
4316,5212,676,0,1,0
4317,8057,906,0,1,0
4318,3912,413,0,1,0
4319,3912,575,0,1,0
4320,8147,930,0,1,0
4321,4546,539,0,1,0
4322,4546,568,0,1,0
4323,4350,470,0,1,0
4324,3238,343,0,1,0
4325,7009,892,0,1,0
4326,7481,869,0,1,0
4327,5033,569,0,1,0
4328,4734,561,0,1,0
4329,4943,569,0,1,0
4330,5683,636,0,1,0
4331,7871,880,0,1,0
4332,5839,672,0,1,0
4333,5839,687,0,2,0
4334,5839,747,0,1,0
4335,4465,516,0,1,0
4336,6443,752,0,1,0
4337,3480,455,0,1,0
4338,6191,689,0,1,0
4339,2452,227,0,1,0
4340,4977,573,0,1,0
4341,6728,750,0,1,0
4342,2453,227,0,1,0
4343,2453,238,0,0,1
4344,5310,622,0,1,0
4345,4298,465,0,1,0
4346,5435,615,0,1,0
4347,5435,629,0,1,0
4348,5435,661,0,1,0
4349,5709,680,0,1,0
4350,4376,465,0,1,0
4351,4376,481,0,1,0
4352,4820,615,0,1,0
4353,2918,281,0,1,0
4354,5359,658,0,1,0
4355,3964,413,0,0,1
4356,3964,438,0,1,0
4357,3964,449,0,1,0
4358,3964,495,0,1,0
4359,7534,893,0,1,0
4360,7534,900,0,1,0
4361,5633,604,0,1,0
4362,5633,619,0,1,0
4363,6635,736,0,1,0
4364,4334,499,0,1,0
4365,4334,603,0,1,0
4366,7757,940,0,1,0
4367,5181,557,0,1,0
4368,7518,866,0,1,0
4369,5017,609,0,1,0
4370,3111,334,0,1,0
4371,3111,411,0,1,0
4372,4507,470,0,1,0
4373,5618,614,0,1,0
4374,3476,341,0,1,0
4375,6167,665,0,1,0
4376,6167,683,0,2,0
4377,5255,560,0,1,0
4378,4779,574,0,1,0
4379,4779,634,0,1,0
4380,4261,428,0,1,0
4381,4261,441,0,1,0
4382,4036,429,0,1,0
4383,4036,459,0,2,0
4384,4861,561,0,1,0
4385,4861,571,0,1,0
4386,7770,905,0,1,0
4387,7031,824,0,1,0
4388,7800,879,0,1,0
4389,2227,232,0,1,0
4390,2227,243,0,1,0
4391,5353,687,0,1,0
4392,8395,948,0,1,0
4393,6588,811,0,1,0
4394,6600,709,0,1,0
4395,6600,728,0,1,0
4396,7451,896,0,1,0
4397,2193,231,0,1,0
4398,4181,446,0,1,0
4399,5893,654,0,1,0
4400,6067,694,0,1,0
4401,6382,765,0,1,0
4402,8440,904,0,1,0
4403,5299,615,0,1,0
4404,6389,722,0,1,0
4405,6389,762,0,1,0
4406,6389,788,0,1,0
4407,6964,821,0,1,0
4408,4159,437,0,1,0
4409,4159,478,0,1,0
4410,3549,397,0,1,0
4411,3219,325,0,1,0
4412,3219,337,0,1,0
4413,6261,648,0,2,0
4414,2861,274,0,1,1
4415,3868,454,0,1,0
4416,4766,542,0,1,0
4417,3114,334,0,1,0
4418,5399,607,0,1,0
4419,5399,695,0,1,0
4420,8466,936,0,1,0
4421,2669,236,0,1,0
4422,8355,914,0,1,0
4423,5355,623,0,1,0
4424,6223,657,0,1,0
4425,4471,493,0,1,0
4426,4471,513,0,1,0
4427,4471,516,0,1,0
4428,7752,905,0,1,0
4429,4887,522,0,1,0
4430,4887,537,0,0,1
4431,8361,946,0,1,0
4432,6058,688,0,1,0
4433,2306,214,0,1,0
4434,2306,222,0,1,0
4435,2517,267,0,1,1
4436,6332,654,0,1,0
4437,2573,252,0,1,0
4438,3619,369,0,1,0
4439,3619,391,0,1,0
4440,3619,407,0,1,0
4441,4434,501,0,1,0
4442,4434,511,0,1,0
4443,7397,841,0,1,0
4444,6692,768,0,1,0
4445,4094,480,0,0,1
4446,4638,538,0,1,0
4447,4638,689,0,1,0
4448,5798,652,0,1,0
4449,5798,667,0,2,0
4450,4736,572,0,1,0
4451,4736,618,0,1,0
4452,5071,577,0,1,0
4453,5035,569,0,1,0
4454,5035,633,0,1,0
4455,2903,336,0,1,0
4456,3951,451,0,0,1
4457,4389,508,0,2,0
4458,7678,873,0,1,0
4459,3318,331,0,1,0
4460,6743,735,0,1,0
4461,2295,215,0,1,0
4462,2295,228,0,1,0
4463,6726,715,0,1,0
4464,4973,519,0,1,0
4465,4973,591,0,1,0
4466,4973,624,0,1,0
4467,4973,750,0,1,0
4468,3115,398,0,1,0
4469,5065,577,0,1,0
4470,2763,244,0,0,1
4471,5220,547,0,1,0
4472,5220,626,0,1,0
4473,5220,660,0,1,0
4474,5220,690,0,1,0
4475,6196,772,0,1,0
4476,6196,805,0,1,0
4477,8263,959,0,1,0
4478,5476,651,0,1,0
4479,5476,694,0,1,0
4480,5476,709,0,1,0
4481,2626,253,0,1,0
4482,7227,780,0,1,0
4483,7227,944,0,1,0
4484,6979,774,0,1,0
4485,7008,851,0,1,0
4486,3708,406,0,1,0
4487,7459,896,0,1,0
4488,6069,694,0,1,0
4489,8420,904,0,1,0
4490,2529,258,0,1,0
4491,3871,384,0,2,0
4492,2636,246,0,1,0
4493,2636,267,0,1,0
4494,2636,304,0,1,0
4495,6990,821,0,1,0
4496,7996,941,0,1,0
4497,7278,817,0,1,0
4498,7101,885,0,1,0
4499,7101,964,0,1,0
4500,2518,243,0,1,0
4501,2518,267,0,1,0
4502,6849,710,0,1,0
4503,6849,778,0,1,0
4504,6849,822,0,1,0
4505,7851,895,0,1,0
4506,3460,315,0,1,0
4507,3459,360,0,1,0
4508,5209,530,0,1,0
4509,5530,612,0,1,0
4510,4587,468,0,1,0
4511,5597,584,0,1,0
4512,4885,553,0,1,0
4513,4885,574,0,1,0
4514,8450,932,0,1,0
4515,3543,362,0,1,0
4516,3543,418,0,1,0
4517,7884,863,0,1,0
4518,7884,884,0,1,0
4519,7884,921,0,1,0
4520,7103,960,0,1,0
4521,2689,246,0,1,0
4522,7934,908,0,1,0
4523,6767,730,0,1,0
4524,4583,494,0,1,0
4525,3898,395,0,1,0
4526,5912,669,0,0,1
4527,5625,631,0,1,0
4528,4307,459,0,1,0
4529,4307,511,0,1,0
4530,7908,924,0,1,0
4531,7908,958,0,1,0
4532,7908,964,0,1,0
4533,7652,866,0,1,0
4534,4517,498,0,1,0
4535,7777,852,0,1,0
4536,4829,519,0,1,0
4537,4829,549,0,1,0
4538,2912,347,0,1,0
4539,4382,516,0,1,0
4540,4382,566,0,1,0
4541,4382,574,0,1,0
4542,4382,621,0,1,0
4543,4382,672,0,1,0
4544,4382,704,0,1,0
4545,6590,795,0,1,0
4546,6590,867,0,1,0
4547,5834,716,0,1,0
4548,5768,614,0,1,0
4549,4542,507,0,1,0
4550,2574,258,0,1,0
4551,3852,380,0,1,0
4552,5765,596,0,1,0
4553,5765,746,0,1,0
4554,6708,754,0,1,0
4555,5385,591,0,1,0
4556,5385,662,0,1,0
4557,5385,695,0,1,0
4558,2337,222,0,1,0
4559,2337,256,0,1,0
4560,4652,481,0,1,0
4561,6783,709,0,1,0
4562,6783,725,0,1,0
4563,5556,596,0,1,0
4564,5556,696,0,1,0
4565,5556,703,0,1,0
4566,6045,649,0,1,0
4567,3445,329,0,1,0
4568,4229,432,0,1,0
4569,4229,503,0,1,0
4570,4229,514,0,0,1
4571,4097,448,0,1,0
4572,4097,452,0,1,1
4573,4097,485,0,1,0
4574,4531,558,0,1,0
4575,4531,575,0,2,0
4576,5045,624,0,1,0
4577,7507,899,0,1,0
4578,2305,222,0,1,0
4579,6853,710,0,1,0
4580,3714,378,0,1,0
4581,3714,402,0,1,0
4582,3996,449,0,1,0
4583,7001,830,0,1,0
4584,6181,673,0,1,0
4585,4360,465,0,1,0
4586,2659,260,0,1,0
4587,6555,750,0,1,0
4588,5420,692,0,1,0
4589,8309,940,0,1,0
4590,6395,718,0,1,0
4591,6395,751,0,1,0
4592,6395,929,0,1,0
4593,3168,318,0,1,0
4594,4319,427,0,1,0
4595,4319,528,0,1,0
4596,4319,570,0,1,0
4597,5512,586,0,1,0
4598,3981,495,0,1,0
4599,6968,833,0,1,0
4600,7248,775,0,1,0
4601,7248,835,0,1,0
4602,4576,471,0,1,0
4603,4576,480,0,1,0
4604,6496,733,0,1,0
4605,6496,758,0,1,0
4606,2907,272,0,1,0
4607,2907,304,0,1,0
4608,2907,321,0,1,0
4609,3854,393,0,1,0
4610,5521,627,0,1,0
4611,7823,877,0,1,0
4612,6543,782,0,1,0
4613,3547,511,0,1,0
4614,6277,648,0,1,0
4615,6989,806,0,1,0
4616,6989,821,0,1,0
4617,5161,523,0,1,0
4618,6174,656,0,1,0
4619,2209,221,0,1,0
4620,1954,240,0,1,0
4621,1954,259,0,1,0
4622,4698,467,0,1,0
4623,3875,384,0,1,0
4624,3875,400,0,1,0
4625,6851,742,0,1,0
4626,6851,766,0,1,0
4627,5465,609,0,1,0
4628,6918,828,0,1,0
4629,3531,408,0,1,0
4630,5613,581,0,1,0
4631,5613,640,0,1,0
4632,5807,667,0,1,0
4633,5807,681,0,1,0
4634,3900,406,0,1,0
4635,7005,822,0,1,0
4636,6712,729,0,1,0
4637,6712,845,0,1,0
4638,4124,494,0,1,0
4639,7335,891,0,0,1
4640,6458,713,0,1,0
4641,4171,432,0,1,0
4642,2648,260,0,1,0
4643,2648,299,0,1,0
4644,3830,375,0,1,0
4645,3830,388,0,1,0
4646,3830,466,0,1,0
4647,3145,312,0,1,0
4648,3145,426,0,1,0
4649,3145,460,0,1,0
4650,3063,289,0,1,0
4651,8284,901,0,1,0
4652,8035,953,0,1,0
4653,7392,908,0,1,0
4654,6116,646,0,1,0
4655,3194,340,0,0,1
4656,6426,723,0,1,0
4657,6426,739,0,1,0
4658,4673,540,0,1,0
4659,4123,453,0,1,0
4660,5068,684,0,1,0
4661,5068,765,0,1,0
4662,5923,662,0,1,0
4663,8002,927,0,1,0
4664,5190,557,0,1,0
4665,5190,628,0,1,0
4666,5190,636,0,1,0
4667,6876,787,0,1,0
4668,6138,696,0,2,0
4669,7136,786,0,1,0
4670,4920,553,0,1,0
4671,3102,349,0,1,0
4672,8319,903,0,1,0
4673,4505,470,0,1,0
4674,4505,486,0,1,0
4675,4073,462,0,1,0
4676,3438,352,0,1,0
4677,3438,404,0,1,0
4678,5881,671,0,1,0
4679,3570,376,0,1,0
4680,6228,698,0,1,0
4681,6228,739,0,1,0
4682,3786,369,0,1,0
4683,3522,497,0,1,0
4684,6060,651,0,1,0
4685,4730,560,0,1,0
4686,4730,638,0,1,0
4687,4730,654,0,1,0
4688,7425,894,0,1,0
4689,3756,379,0,1,0
4690,2655,256,0,1,0
4691,2655,269,0,1,0
4692,4491,482,0,1,0
4693,4491,493,0,1,0
4694,8236,958,0,2,0
4695,4676,466,0,1,0
4696,3665,382,0,1,0
4697,7526,960,0,1,0
4698,5760,638,0,1,0
4699,5760,686,0,1,0
4700,4896,530,0,1,0
4701,4653,481,0,1,0
4702,7025,824,0,2,0
4703,7025,943,0,1,0
4704,5874,677,0,1,0
4705,6879,819,0,1,0
4706,5384,646,0,1,0
4707,5104,629,0,1,0
4708,6042,683,0,1,0
4709,6042,737,0,1,0
4710,4409,483,0,0,1
4711,4409,536,0,1,0
4712,4409,549,0,1,1
4713,4409,615,0,1,0
4714,2428,217,0,1,0
4715,7528,897,0,1,0
4716,7528,900,0,1,0
4717,6317,702,0,1,0
4718,8336,916,0,1,0
4719,8336,948,0,1,0
4720,4859,579,0,1,0
4721,6384,754,0,1,0
4722,6414,762,0,1,0
4723,5856,699,0,1,0
4724,5856,704,0,1,0
4725,5856,754,0,1,0
4726,3211,337,0,1,0
4727,4458,488,0,1,0
4728,2202,221,0,1,0
4729,7172,839,0,1,0
4730,7172,902,0,1,0
4731,7172,917,0,1,0
4732,7275,814,0,1,0
4733,6649,712,0,1,0
4734,3397,324,0,1,0
4735,8261,915,0,1,0
4736,8385,955,0,1,0
4737,7612,871,0,1,0
4738,2752,251,0,1,0
4739,4399,508,0,1,0
4740,6397,792,0,0,1
4741,4795,556,0,1,0
4742,6035,666,0,1,0
4743,6035,812,0,1,0
4744,6012,697,0,1,0
4745,3524,408,0,1,0
4746,3524,470,0,1,0
4747,5663,604,0,1,0
4748,4177,436,0,1,0
4749,4177,446,0,2,0
4750,2777,298,0,1,0
4751,2777,337,0,1,0
4752,2777,347,0,0,1
4753,5304,615,0,2,0
4754,4582,468,0,1,0
4755,4582,482,0,1,0
4756,2182,245,0,1,0
4757,4141,426,0,1,0
4758,5091,565,0,1,0
4759,2902,310,0,1,0
4760,2902,388,0,1,0
4761,5030,527,0,1,0
4762,7592,890,0,1,0
4763,4250,415,0,1,0
4764,5397,591,0,1,0
4765,5397,623,0,1,0
4766,6086,717,0,1,0
4767,6086,772,0,1,0
4768,5933,703,0,0,1
4769,2826,307,0,1,0
4770,7450,961,0,1,0
4771,2809,342,0,1,0
