goal_id,player_id,match_id,minute_scored,is_penalty,is_own_goal
1,106,1,19',0,0
2,104,1,40',0,0
3,108,1,43',0,0
4,117,1,70',0,0
5,108,1,87',0,0
6,199,2,23',0,0
7,195,2,45',0,0
8,202,2,69',0,0
9,243,3,21',0,0
10,230,3,30',0,0
11,75,3,62',0,0
12,179,4,1',0,0
13,172,4,75',0,0
14,185,4,79',0,0
15,181,4,89',0,0
16,10,5,81',0,0
17,97,6,3',0,0
18,128,6,52',0,1
19,97,6,65',0,0
20,230,7,60',0,0
21,235,7,65',0,0
22,230,7,67',0,0
23,245,7,85',0,0
24,202,8,10',0,0
25,202,8,15',0,0
26,202,8,50',0,0
27,212,9,65',0,0
28,94,10,67',0,0
29,19,11,8',0,0
30,22,11,12',0,0
31,19,11,17',0,0
32,128,11,42',1,0
33,21,11,53',0,0
34,22,11,55',0,0
35,128,11,65',0,0
36,121,11,75',0,0
37,19,11,80',0,0
38,70,12,37',0,0
39,75,12,57',0,0
40,70,12,73',0,0
41,75,12,83',0,0
42,152,13,40',0,0
43,214,14,7',0,0
44,226,14,26',0,0
45,208,14,31',0,0
46,213,14,35',0,0
47,19,15,12',0,0
48,19,15,13',0,0
49,94,15,15',0,0
50,8,15,51',0,0
51,10,16,20',0,0
52,17,16,56',0,0
53,19,16,69',0,0
54,15,16,80',0,0
55,15,16,85',0,0
56,19,16,87',0,0
57,193,16,89',0,0
58,245,17,4',0,0
59,213,17,18',0,0
60,208,17,20',0,0
61,208,17,31',0,0
62,217,17,61',0,0
63,213,17,67',0,0
64,213,17,72',0,0
65,214,18,12',0,0
66,15,18,20',0,0
67,19,18,37',0,0
68,213,18,57',0,0
69,217,18,68',0,0
70,212,18,89',0,0
71,375,19,18',0,0
72,278,19,44',0,0
73,275,19,93',0,0
74,264,19,109',0,0
75,378,19,116',1,0
76,472,20,11',0,0
77,334,20,50',0,0
78,331,20,67',0,0
79,391,21,25',0,0
80,38,21,29',0,0
81,38,21,43',0,0
82,397,21,49',0,0
83,383,21,66',0,0
84,383,21,70',0,0
85,383,21,87',0,0
86,419,22,11',0,0
87,420,22,31',0,0
88,349,22,35',0,0
89,349,22,39',0,0
90,422,22,53',0,0
91,420,22,61',0,0
92,441,23,18',0,0
93,438,23,20',0,0
94,441,23,29',0,0
95,556,23,57',0,0
96,431,23,63',0,0
97,441,23,64',0,0
98,438,23,69',0,0
99,436,23,90',0,0
100,493,24,18',1,0
101,493,24,25',0,0
102,495,24,29',0,0
103,312,24,55',0,0
104,248,25,4',0,0
105,521,25,9',0,0
106,252,25,48',0,0
107,521,25,67',0,0
108,523,25,79',0,0
109,544,26,7',0,0
110,454,26,29',0,0
111,544,26,43',0,0
112,530,26,66',0,0
113,461,26,69',0,0
114,270,27,8',0,0
115,285,27,51',0,0
116,411,27,60',1,0
117,544,28,18',0,0
118,340,28,24',0,0
119,337,28,49',0,0
120,543,28,78',0,0
121,331,28,82',0,0
122,388,29,60',0,0
123,388,29,63',0,0
124,514,29,82',0,0
125,502,30,30',0,0
126,431,30,44',0,0
127,436,31,11',0,0
128,331,32,21',0,0
129,395,32,62',0,0
130,331,32,69',0,0
131,331,32,80',0,0
132,433,33,19',0,0
133,393,34,1',0,0
134,383,34,27',0,0
135,270,34,28',0,0
136,393,34,42',0,0
137,277,34,54',0,0
138,334,35,71',0,0
139,438,35,81',0,0
140,441,35,95',0,0
141,666,36,29',0,0
142,530,36,43',0,0
143,467,37,35',0,0
144,616,37,44',0,0
145,613,37,69',0,0
146,466,37,88',0,0
147,616,37,103',0,0
148,472,37,105',0,0
149,113,38,1',0,0
150,375,38,16',0,0
151,577,38,38',0,0
152,375,38,69',0,0
153,680,39,13',0,0
154,420,39,15',0,0
155,411,39,28',0,0
156,687,39,35',0,0
157,687,39,76',0,0
158,411,39,89',0,0
159,695,40,2',0,0
160,725,40,83',0,0
161,703,40,94',0,0
162,312,41,18',0,0
163,758,41,23',1,0
164,600,41,25',0,0
165,598,41,44',0,0
166,762,41,53',0,0
167,762,41,59',0,0
168,598,41,71',0,0
169,762,41,89',0,0
170,312,41,93',0,0
171,312,41,104',0,0
172,762,41,118',0,0
173,329,42,93',0,0
174,632,42,111',0,0
175,331,42,118',0,0
176,472,43,35',0,0
177,616,43,51',0,0
178,611,43,57',0,0
179,669,44,8',0,0
180,805,44,22',0,1
181,812,44,42',0,0
182,801,44,64',0,0
183,530,44,75',0,0
184,530,44,78',0,0
185,312,45,30',0,0
186,331,45,65',1,0
187,411,46,40',0,0
188,687,46,89',0,0
189,693,47,9',0,0
190,660,47,10',0,0
191,703,47,51',0,0
192,703,47,72',0,0
193,781,48,9',0,0
194,796,48,22',0,0
195,796,48,37',0,0
196,796,48,44',0,0
197,522,48,80',0,0
198,781,48,81',0,0
199,791,48,84',0,0
200,781,48,89',0,0
201,328,49,25',0,0
202,312,49,57',0,0
203,599,49,62',0,0
204,791,50,1',0,0
205,786,50,19',0,1
206,685,50,37',0,0
207,687,50,39',0,0
208,411,50,65',0,0
209,687,50,85',0,0
210,693,51,51',0,0
211,436,51,60',1,0
212,600,51,87',0,0
213,521,52,28',0,0
214,791,52,38',0,0
215,600,52,44',0,0
216,312,52,63',0,0
217,312,52,74',0,0
218,598,52,80',0,0
219,693,53,6',0,0
220,685,53,8',0,0
221,703,53,16',0,0
222,693,53,35',0,0
223,411,53,70',0,0
224,703,53,82',0,0
225,836,54,30',0,0
226,848,54,65',0,0
227,839,54,71',0,0
228,836,54,79',0,0
229,1083,55,59',0,0
230,1089,55,70',0,0
231,1085,55,84',0,0
232,891,56,39',0,0
233,888,56,51',0,0
234,1043,57,17',0,0
235,977,57,81',0,0
236,970,57,83',0,0
237,987,57,89',0,0
238,907,58,7',0,0
239,991,58,25',0,0
240,989,58,33',0,0
241,991,58,68',0,0
242,916,58,75',0,0
243,837,59,3',0,0
244,1015,59,17',0,0
245,839,59,32',0,0
246,1015,59,88',0,0
247,1072,60,20',0,0
248,1074,60,23',0,0
249,1074,60,51',0,0
250,1089,60,81',0,0
251,936,60,89',1,0
252,970,61,17',0,0
253,987,61,30',0,0
254,1037,62,38',0,0
255,1004,63,17',0,0
256,999,63,26',0,0
257,960,63,35',0,0
258,954,63,74',0,0
259,836,64,4',0,0
260,856,64,69',0,0
261,874,65,16',0,0
262,861,65,32',0,0
263,1046,65,47',0,0
264,1040,65,48',1,0
265,871,65,54',0,0
266,861,65,60',0,0
267,873,65,82',0,0
268,987,66,48',0,0
269,907,67,12',0,0
270,917,67,62',0,0
271,1056,68,14',0,0
272,1068,68,18',0,0
273,1065,68,23',0,0
274,1056,68,40',0,0
275,1056,68,51',0,0
276,1065,68,54',0,0
277,1060,68,83',0,0
278,1051,68,87',0,0
279,1010,69,10',0,0
280,1009,69,44',0,0
281,924,69,89',0,0
282,836,70,17',0,0
283,836,70,36',0,0
284,844,70,39',0,0
285,836,70,52',0,0
286,836,70,58',0,0
287,989,70,67',1,0
288,850,70,85',0,0
289,844,70,88',0,0
290,1051,71,29',0,0
291,970,71,37',0,0
292,970,71,39',0,0
293,1067,71,73',0,0
294,836,72,15',0,0
295,848,72,21',0,0
296,844,72,31',0,0
297,844,72,55',0,0
298,836,72,57',0,0
299,856,72,67',0,0
300,977,72,71',0,0
301,999,73,5',0,0
302,1051,73,39',0,0
303,1004,73,40',0,0
304,1056,73,77',0,0
305,1056,73,85',0,0
306,1004,74,15',0,0
307,996,74,33',0,0
308,999,74,80',0,0
309,987,74,82',0,0
310,847,75,47',0,0
311,1065,75,66',0,0
312,1051,75,79',0,0
313,839,76,23',0,0
314,1140,76,30',0,0
315,1141,76,34',0,0
316,1141,76,43',0,0
317,1139,76,69',0,0
318,1391,77,15',0,0
319,1101,78,33',0,0
320,1056,79,71',0,0
321,1065,79,84',0,0
322,1318,80,18',0,0
323,903,80,44',0,0
324,1319,80,78',0,0
325,1222,81,12',0,0
326,1216,81,18',0,0
327,1220,81,24',0,0
328,1220,81,36',0,0
329,1220,81,50',0,0
330,1223,81,59',0,0
331,1231,81,75',0,0
332,1231,81,83',0,0
333,1222,81,89',0,0
334,1331,82,2',0,0
335,1379,82,14',0,0
336,1373,82,52',0,0
337,1374,82,60',0,0
338,1372,82,84',0,0
339,1123,83,5',0,0
340,1178,83,26',0,0
341,1179,83,36',0,0
342,1178,83,63',0,0
343,1122,83,67',0,0
344,1123,83,71',0,0
345,1179,83,91',0,0
346,883,83,94',0,1
347,1350,84,17',0,0
348,1056,84,30',0,0
349,1350,84,47',0,0
350,1348,84,54',0,0
351,1350,84,57',0,0
352,1056,84,83',0,0
353,1348,84,85',0,0
354,1384,85,48',0,0
355,1140,85,69',0,0
356,1112,86,3',0,0
357,1101,86,4',0,0
358,1101,86,21',0,0
359,1101,86,24',0,0
360,1112,86,65',0,0
361,1212,87,19',0,0
362,1253,87,46',0,1
363,1256,87,54',0,0
364,1257,87,85',0,0
365,1208,87,88',1,0
366,1220,88,3',0,0
367,1222,88,17',0,0
368,1220,88,21',0,0
369,1378,88,25',0,0
370,1221,88,52',0,0
371,1221,88,54',0,0
372,1220,88,69',0,0
373,1219,88,75',0,0
374,1371,88,77',0,0
375,1220,88,78',0,0
376,1376,88,84',0,0
377,1331,89,10',0,0
378,1334,89,24',0,0
379,1331,89,30',0,0
380,1333,89,37',0,0
381,1333,89,64',0,0
382,1333,89,70',0,0
383,1330,89,76',0,0
384,917,90,41',1,0
385,1240,90,48',0,0
386,1248,90,58',0,0
387,912,90,78',0,0
388,1123,90,81',0,0
389,892,91,43',0,0
390,1184,91,69',0,0
391,1374,92,7',0,0
392,1379,92,12',0,0
393,1327,92,21',0,0
394,1372,92,30',0,0
395,1372,92,60',0,0
396,1375,92,62',0,0
397,1372,92,77',0,0
398,1379,92,79',0,0
399,1334,92,82',0,0
400,1319,93,14',0,0
401,1318,93,48',0,0
402,1239,93,67',0,0
403,1319,93,85',0,0
404,1015,93,90',0,0
405,1318,94,16',0,0
406,1319,94,17',0,0
407,1319,94,19',0,0
408,1100,94,25',0,0
409,1102,94,26',0,0
410,1100,94,27',0,0
411,1096,94,32',0,0
412,1102,94,34',0,0
413,1318,94,39',0,0
414,1100,94,53',0,0
415,1319,94,60',0,0
416,1101,94,76',0,0
417,1350,95,5',0,0
418,1179,95,16',0,0
419,1067,95,39',0,0
420,1065,95,46',0,0
421,886,95,67',0,0
422,1357,95,78',0,0
423,1221,96,4',0,0
424,1220,96,7',0,0
425,1136,96,18',1,0
426,1216,96,60',1,0
427,1139,96,65',0,0
428,1220,96,88',0,0
429,1079,97,9',0,1
430,1371,97,85',0,0
431,1223,98,13',0,0
432,1221,98,46',0,0
433,1349,98,75',0,0
434,1349,98,86',0,0
435,1220,98,111',0,0
436,1220,98,116',0,0
437,1379,99,31',0,0
438,1372,99,47',0,0
439,1101,99,51',0,0
440,1375,99,54',1,0
441,1374,99,61',0,0
442,1375,99,64',1,0
443,1374,99,89',0,0
444,1112,100,16',1,0
445,1349,100,22',0,0
446,1355,100,59',0,1
447,1096,100,89',0,0
448,1222,101,6',0,0
449,1223,101,8',0,0
450,1372,101,10',0,0
451,1371,101,18',0,0
452,1371,101,84',0,0
453,1616,102,17',0,0
454,1611,102,57',1,0
455,1616,102,64',0,0
456,1402,103,3',0,0
457,1371,103,32',0,0
458,1655,103,42',0,0
459,1371,103,79',0,0
460,1532,104,21',0,0
461,1557,105,20',0,0
462,1488,105,24',0,0
463,1488,105,30',0,0
464,1557,105,44',1,0
465,1555,105,50',0,0
466,1490,105,52',0,0
467,1491,105,61',0,0
468,1488,105,67',0,0
469,1208,105,70',0,0
470,1212,105,83',0,0
471,1395,106,6',0,0
472,1581,106,49',0,0
473,1217,107,5',0,0
474,1635,107,27',0,0
475,1441,108,37',0,0
476,855,108,50',0,0
477,1441,108,85',0,0
478,1595,109,13',0,0
479,1603,109,56',0,0
480,1467,109,66',0,0
481,886,109,85',1,0
482,1535,110,4',0,0
483,1402,110,37',1,0
484,1404,110,56',0,0
485,1414,110,60',0,0
486,1449,111,24',1,0
487,1452,111,42',0,0
488,1379,111,60',0,0
489,1371,111,71',0,0
490,1553,112,4',0,0
491,1582,112,24',0,0
492,1567,112,45',0,0
493,1554,112,73',0,0
494,1584,112,74',0,0
495,1488,113,4',0,0
496,1395,113,16',0,0
497,1394,113,63',0,0
498,1488,113,85',0,0
499,1394,113,88',0,0
500,1636,114,32',0,0
501,1522,114,89',0,0
502,1597,116,15',0,0
503,1594,116,62',0,0
504,1614,117,34',0,0
505,1614,117,55',0,0
506,1496,117,77',0,0
507,1449,119,8',0,0
508,1452,119,17',0,0
509,1452,119,40',0,0
510,1402,119,65',1,0
511,1454,119,69',0,0
512,1453,119,82',0,0
513,1453,119,89',0,0
514,1535,120,18',0,0
515,1371,120,20',0,0
516,1535,120,60',0,0
517,1655,120,78',0,0
518,1208,121,22',0,0
519,1488,121,44',0,0
520,1578,121,58',0,0
521,1675,122,18',0,0
522,1554,122,20',0,0
523,1394,122,21',0,0
524,1553,122,52',0,0
525,1673,122,73',0,0
526,1555,122,80',0,0
527,1496,123,19',0,0
528,1496,123,46',0,0
529,1498,123,54',0,0
530,1505,123,69',0,0
531,1443,124,3',0,0
532,1443,124,77',0,0
533,1097,125,15',0,0
534,1189,125,56',0,0
535,1102,125,71',0,0
536,1467,125,74',0,0
537,1452,126,18',0,0
538,1535,126,44',0,0
539,1535,126,97',0,0
540,1496,127,33',0,0
541,1636,127,55',0,0
542,1633,127,76',0,0
543,1597,128,69',0,0
544,1435,129,66',0,0
545,1491,130,44',0,0
546,1488,130,55',0,0
547,1488,130,63',0,0
548,1490,130,68',0,0
549,1614,131,49',0,0
550,1616,131,88',0,0
551,1371,132,12',0,0
552,1443,133,2',0,0
553,1488,133,9',0,0
554,1140,133,39',0,0
555,1435,133,52',0,0
556,1435,133,64',0,0
557,1435,133,75',0,0
558,1490,133,83',0,0
559,1379,134,24',0,0
560,1003,134,32',0,0
561,1615,134,81',0,0
562,1614,134,88',0,0
563,1488,135,16',0,0
564,1656,135,18',0,0
565,1208,135,27',1,0
566,1488,135,36',0,0
567,1487,135,50',0,0
568,1371,135,52',0,0
569,1488,135,78',0,0
570,1379,135,84',0,0
571,1488,135,89',0,0
572,1611,136,4',0,0
573,1443,136,9',0,0
574,1443,136,32',0,0
575,1435,136,55',0,0
576,1432,136,68',0,0
577,1616,136,80',0,0
578,1435,136,90',0,0
579,1753,137,19',1,0
580,1909,137,56',0,0
581,1907,137,75',0,0
582,1897,138,6',0,0
583,1739,138,44',0,0
584,1735,138,51',0,0
585,1739,138,55',0,0
586,1432,139,56',0,0
587,1435,139,73',0,0
588,1684,140,4',0,0
589,1594,141,51',0,0
590,1858,141,83',0,0
591,1774,143,80',0,0
592,1496,144,17',0,0
593,1790,144,60',1,0
594,1803,144,71',0,0
595,1918,145,19',0,0
596,1942,145,25',1,0
597,1941,145,29',0,0
598,1678,145,49',0,0
599,1735,146,73',0,0
600,1736,146,87',0,0
601,1790,148,17',1,0
602,1476,148,42',0,0
603,1792,148,67',0,0
604,1416,148,81',0,0
605,1594,149,8',0,0
606,1861,149,10',0,0
607,1594,149,11',0,0
608,1763,149,21',0,0
609,1858,149,56',0,0
610,1765,149,68',0,0
611,1770,149,72',0,0
612,1767,149,86',0,0
613,1925,150,45',0,0
614,1655,150,59',0,0
615,1887,150,73',0,0
616,1873,151,90',0,0
617,1803,152,1',0,0
618,1803,152,6',0,0
619,1496,152,8',0,0
620,1801,152,12',0,0
621,1803,152,53',0,0
622,1720,152,64',0,0
623,1496,152,70',0,0
624,1855,153,38',0,0
625,1907,153,54',0,0
626,1594,153,89',0,0
627,1652,154,21',1,0
628,1655,154,82',0,0
629,1878,155,35',0,0
630,1706,155,72',0,0
631,1706,155,86',0,0
632,1941,157,20',0,0
633,1678,157,25',0,0
634,1941,157,61',0,0
635,1946,157,82',0,0
636,1678,157,87',0,0
637,1819,158,2',0,0
638,1833,158,65',0,0
639,1833,158,67',0,0
640,1779,159,1',0,0
641,1837,159,12',0,0
642,1834,159,29',0,0
643,1835,159,90',1,0
644,1436,161,31',0,0
645,1793,161,38',0,0
646,1443,161,53',0,0
647,1436,161,59',0,0
648,1739,162,11',0,0
649,1861,162,26',0,0
650,1734,162,29',0,0
651,1457,163,13',0,0
652,1938,164,85',0,0
653,1436,165,9',0,0
654,1436,165,32',0,0
655,1736,165,42',0,0
656,1443,165,47',0,0
657,1739,165,61',1,0
658,1443,165,78',0,0
659,1782,166,48',0,0
660,1678,166,69',0,0
661,1457,166,80',0,0
662,1457,166,84',1,0
663,1734,167,90',0,0
664,1448,168,15',0,0
665,1706,168,17',0,0
666,1442,168,69',0,0
667,1443,168,78',0,0
668,2187,170,16',0,0
669,1924,170,21',0,0
670,2185,170,40',0,0
671,2185,170,52',0,0
672,1924,170,77',1,0
673,1435,171,15',0,0
674,1436,171,63',0,0
675,2136,172,31',0,0
676,2135,172,33',0,0
677,2136,172,88',0,0
678,2080,173,48',0,0
679,2033,173,62',0,0
680,1963,174,65',0,0
681,2152,174,71',0,0
682,1963,174,77',0,0
683,2116,175,2',0,0
684,2043,175,60',0,0
685,2116,175,67',0,0
686,2122,175,90',0,0
687,2062,176,8',0,0
688,2053,176,88',0,0
689,2029,177,15',1,0
690,1908,177,26',0,0
691,1906,177,31',0,0
692,2167,178,31',0,0
693,2141,178,57',0,0
694,2146,178,75',0,0
695,2043,179,2',0,0
696,1978,179,14',0,0
697,1808,179,64',0,0
698,1800,179,73',1,0
699,2000,180,26',1,0
700,2090,180,88',0,0
701,1982,182,7',0,1
702,2117,182,38',0,0
703,2122,182,81',0,0
704,1861,183,57',0,0
705,1476,184,37',0,0
706,1796,184,75',0,0
707,1963,186,52',0,0
708,1964,186,79',0,0
709,2115,187,15',0,0
710,2117,187,27',0,0
711,1970,187,73',0,0
712,2117,187,85',0,0
713,2089,188,42',0,0
714,1796,189,38',0,0
715,1796,189,75',0,0
716,2153,190,23',0,0
717,2188,190,39',0,0
718,1655,190,84',0,0
719,1721,191,15',0,0
720,1992,191,43',0,1
721,1800,191,45',0,0
722,2043,191,54',0,0
723,2134,192,28',0,0
724,2000,192,32',0,0
725,2134,192,85',0,0
726,2013,193,78',0,0
727,2090,194,1',0,0
728,2098,194,22',0,0
729,2097,194,25',0,0
730,2117,194,27',0,0
731,2117,194,43',1,0
732,2117,194,56',0,0
733,2117,194,59',1,0
734,2116,194,80',0,0
735,1861,195,5',0,0
736,2134,195,46',0,0
737,2043,195,57',0,0
738,1924,196,11',0,0
739,2185,196,70',0,0
740,1655,196,75',0,0
741,1924,196,83',0,0
742,1924,197,43',0,0
743,2185,197,67',0,0
744,2134,197,88',0,0
745,1476,198,30',0,0
746,1476,198,80',0,0
747,2117,198,82',1,0
748,2117,199,12',1,0
749,2136,199,43',0,0
750,2122,199,89',0,0
751,1924,200,12',0,0
752,2013,200,18',0,0
753,2016,200,78',0,0
754,2186,200,89',0,0
755,2013,200,101',0,0
756,2013,200,120',0,0
757,2455,202,23',0,0
758,2454,202,50',0,0
759,2013,203,65',0,0
760,1725,204,13',0,0
761,2240,204,49',0,0
762,2381,204,50',0,0
763,2374,204,55',0,0
764,2380,204,73',0,0
765,2207,205,12',0,0
766,2207,205,54',0,0
767,2217,205,76',1,0
768,2333,206,10',0,0
769,2255,207,11',0,0
770,2227,207,24',0,0
771,1435,207,59',0,0
772,1975,207,61',0,0
773,1975,207,83',0,0
774,2365,208,21',0,0
775,1655,208,56',0,0
776,2468,208,80',0,0
777,2424,209,14',0,0
778,2421,209,57',0,0
779,2424,209,63',0,0
780,2428,209,76',0,0
781,2217,209,86',0,0
782,2255,211,5',0,0
783,2408,211,52',0,0
784,2401,211,75',1,0
785,2380,212,65',0,0
786,2377,212,67',0,0
787,2380,212,75',0,0
788,2349,213,45',0,0
789,2349,213,46',0,0
790,2071,213,58',0,0
791,2350,213,83',0,0
792,2446,214,53',0,0
793,2312,214,56',0,0
794,1975,215,59',0,0
795,2243,216,12',0,0
796,2469,216,20',0,0
797,2468,216,27',0,0
798,2468,216,52',1,0
799,1655,216,67',0,0
800,2468,216,88',0,0
801,2244,216,89',0,0
802,2424,217,51',0,0
803,2424,217,74',0,0
804,2438,218,90',0,0
805,1435,219,19',0,0
806,1975,219,22',0,0
807,2401,219,34',0,0
808,1435,219,67',0,0
809,2399,219,84',0,0
810,2468,220,19',0,0
811,2468,220,26',0,0
812,2468,220,39',0,0
813,2380,220,44',0,0
814,2068,221,14',1,0
815,2301,223,50',1,0
816,1718,224,40',0,0
817,2362,224,61',0,0
818,2227,225,11',0,0
819,1978,225,15',0,0
820,2381,225,28',0,0
821,1978,225,52',0,0
822,2380,225,70',0,0
823,1975,225,75',0,0
824,2074,226,13',0,0
825,2347,226,25',0,1
826,2331,226,63',0,0
827,1825,226,70',0,0
828,2331,226,76',0,0
829,2182,227,117',0,0
830,2293,228,31',0,0
831,2016,228,49',0,0
832,2185,228,68',0,0
833,1655,228,82',0,0
834,2468,228,108',0,0
835,1909,229,19',0,0
836,2225,229,44',0,0
837,1975,229,76',0,0
838,2227,229,89',0,0
839,2337,230,8',0,0
840,1659,230,90',0,0
841,2468,230,94',0,0
842,2054,230,98',0,0
843,2331,230,104',0,0
844,2468,230,110',0,0
845,1825,230,111',0,0
846,2189,231,26',0,0
847,1435,232,18',0,0
848,2337,232,37',0,0
849,1971,232,66',0,0
850,1975,232,71',0,0
851,2224,232,86',0,0
852,2714,234,18',0,0
853,2499,235,58',0,1
854,2574,235,72',0,0
855,2675,236,26',0,0
856,2673,236,34',0,0
857,2636,238,7',0,0
858,2636,238,86',0,0
859,2605,239,46',0,0
860,1825,239,52',0,0
861,2609,239,66',0,0
862,2618,239,79',0,0
863,2658,240,7',0,0
864,2659,240,8',0,0
865,2483,240,60',0,0
866,2658,240,62',0,0
867,2476,240,66',0,0
868,2189,241,12',0,0
869,2717,241,34',0,0
870,2468,241,53',0,0
871,2583,242,55',0,0
872,2552,242,69',0,0
873,2747,244,8',0,0
874,2739,244,14',0,0
875,2737,244,18',0,0
876,2733,244,22',0,0
877,2747,244,30',0,0
878,2734,244,35',0,0
879,2736,244,61',0,0
880,2735,244,65',0,0
881,2747,244,81',0,0
882,2240,245,75',0,0
883,2701,245,87',0,0
884,2484,247,20',0,0
885,1954,247,35',0,1
886,2658,248,17',0,0
887,2654,248,18',0,0
888,2659,248,30',0,0
889,2648,248,31',0,0
890,2659,248,34',0,0
891,2659,248,50',0,0
892,2658,248,87',0,0
893,2746,250,81',0,0
894,2673,250,88',0,0
895,1975,251,12',0,0
896,2227,251,66',0,0
897,2523,251,79',0,0
898,2577,252,77',0,0
899,2633,253,5',1,0
900,2633,253,44',1,0
901,2636,253,71',0,0
902,2632,253,78',0,1
903,2627,253,88',0,0
904,2691,254,46',0,0
905,2692,254,74',0,0
906,2691,254,77',0,0
907,2494,255,15',0,0
908,2484,255,18',0,0
909,2475,255,55',0,0
910,2605,255,63',0,0
911,2494,255,68',0,0
912,2659,256,38',0,0
913,2654,256,44',0,0
914,2611,256,85',0,0
915,2714,257,39',0,0
916,2468,257,82',0,0
917,2227,258,60',0,0
918,2634,259,11',0,0
919,2632,259,25',0,0
920,2636,259,73',0,0
921,2634,259,90',0,0
922,2658,260,43',0,0
923,2227,261,32',0,0
924,2479,261,35',0,0
925,1975,261,49',0,0
926,2633,262,7',0,0
927,2635,262,59',0,0
928,2654,263,24',1,0
929,2746,263,43',0,0
930,2658,263,62',0,0
931,2691,264,24',0,0
932,2189,264,51',0,0
933,2722,264,52',0,0
934,2692,264,53',0,0
935,2197,264,76',0,0
936,2720,264,89',1,0
937,2468,265,76',0,0
938,2574,266,14',0,0
939,2484,266,20',0,0
940,2633,267,50',0,0
941,2634,267,65',0,0
942,2737,268,27',0,0
943,2691,268,29',0,0
944,2690,268,85',0,0
945,2658,269,76',0,0
946,2633,270,2',1,0
947,2714,270,25',1,0
948,2468,270,43',0,0
949,2847,272,1',0,0
950,2912,272,29',0,0
951,2908,272,54',0,0
952,2918,273,45',1,0
953,3031,273,55',0,0
954,3034,273,79',0,0
955,3030,273,87',0,0
956,2865,274,9',0,0
957,2783,274,14',0,0
958,2776,274,83',0,0
959,2809,275,10',0,0
960,3000,275,21',0,0
961,2800,275,76',0,0
962,3020,276,37',0,0
963,2821,276,45',0,0
964,2635,277,40',1,0
965,2635,277,62',0,0
966,2635,277,78',1,0
967,2673,278,14',0,0
968,2952,278,43',0,0
969,2380,278,71',0,0
970,2380,278,77',0,0
971,2912,279,34',0,0
972,2910,279,35',0,0
973,2609,279,61',0,0
974,2871,279,81',1,0
975,2658,280,43',0,0
976,3059,281,15',0,0
977,3063,281,30',0,0
978,3057,281,38',0,0
979,2721,281,44',0,0
980,3057,281,73',0,0
981,2721,281,89',0,0
982,2788,282,45',1,0
983,2845,282,60',0,0
984,2783,282,73',0,0
985,2800,283,42',1,0
986,2889,286,43',0,1
987,2876,286,60',0,0
988,2836,287,23',0,0
989,2844,287,38',0,0
990,2857,287,41',0,0
991,2848,287,42',0,0
992,2973,288,43',0,0
993,2922,288,52',0,0
994,2654,288,56',0,0
995,2973,288,84',0,0
996,2910,290,67',0,0
997,2829,291,40',0,0
998,2997,292,75',0,0
999,2950,293,2',0,0
1000,2380,293,36',1,0
1001,2380,293,39',1,0
1002,2884,293,41',0,0
1003,2380,293,79',0,0
1004,2635,294,34',1,0
1005,2672,294,45',0,0
1006,2986,294,46',1,0
1007,2986,294,68',0,0
1008,2636,294,71',0,0
1009,2945,295,6',0,0
1010,2635,295,35',1,0
1011,2636,295,36',0,0
1012,2636,295,53',0,0
1013,2794,295,80',0,0
1014,2631,295,82',0,0
1015,2529,297,15',0,0
1016,2529,297,27',0,0
1017,2820,297,72',1,0
1018,2486,298,16',0,0
1019,2486,298,71',0,0
1020,2659,299,65',0,0
1021,2912,300,13',0,0
1022,3054,301,3',0,0
1023,2622,301,27',0,0
1024,3059,301,70',0,0
1025,2630,301,82',0,0
1026,3057,303,19',0,0
1027,2466,303,59',0,1
1028,2800,303,66',0,0
1029,2723,303,68',0,0
1030,2800,303,87',0,0
1031,2945,304,19',0,1
1032,2945,304,49',0,0
1033,2622,304,76',0,0
1034,2524,305,13',0,0
1035,2658,305,45',0,0
1036,2829,305,58',0,0
1037,2829,305,63',0,0
1038,2486,306,21',0,0
1039,2789,306,43',0,0
1040,2486,306,49',0,0
1041,2783,306,50',0,0
1042,2484,306,67',0,0
1043,2783,306,72',0,0
1044,2617,307,38',0,0
1045,2524,307,64',0,0
1046,2529,307,71',0,0
1047,2486,308,38',0,0
1048,2942,308,82',0,0
1049,2486,308,105',0,0
1050,2776,308,115',0,0
1051,3118,309,62',0,0
1052,3427,311,34',0,0
1053,3136,311,75',0,0
1054,3138,311,88',0,0
1055,2860,313,4',0,0
1056,3287,313,11',0,0
1057,2859,313,23',0,0
1058,2856,313,50',0,0
1059,2859,313,54',0,0
1060,3221,313,64',0,0
1061,3286,313,69',0,0
1062,3288,313,70',0,0
1063,3286,313,72',0,0
1064,3286,313,76',0,0
1065,2860,313,83',0,0
1066,2672,314,18',0,0
1067,3406,314,29',0,0
1068,3406,314,32',0,0
1069,3340,314,54',0,0
1070,3339,314,64',0,0
1071,2990,314,73',0,0
1072,3411,314,79',0,0
1073,3076,315,54',0,0
1074,3057,315,67',0,0
1075,3075,315,68',0,0
1076,3243,316,1',0,0
1077,3259,316,24',0,0
1078,3243,316,67',0,0
1079,3238,316,83',0,0
1080,3276,317,8',0,0
1081,3446,317,65',1,0
1082,2809,318,22',0,0
1083,3193,319,21',1,0
1084,3324,319,57',0,0
1085,3304,321,18',0,0
1086,2949,321,83',0,0
1087,2776,322,26',0,0
1088,3091,322,28',0,0
1089,3091,322,57',0,0
1090,2774,322,60',0,0
1091,3287,322,76',0,0
1092,3409,323,18',0,0
1093,2820,323,33',0,0
1094,2815,323,48',0,0
1095,3138,323,63',0,0
1096,3142,323,87',0,0
1097,3119,325,19',0,0
1098,3424,326,24',0,0
1099,3426,326,48',0,0
1100,3420,326,68',0,0
1101,3057,327,9',0,0
1102,3057,327,57',0,0
1103,3057,327,66',0,0
1104,3462,327,81',0,0
1105,3176,327,90',0,0
1106,3235,328,62',0,0
1107,3190,328,66',0,1
1108,3473,329,10',0,0
1109,3001,329,14',1,0
1110,3450,329,66',0,0
1111,2809,330,55',0,0
1112,2800,330,67',0,0
1113,3252,331,31',0,0
1114,2845,331,43',0,0
1115,2849,331,48',0,0
1116,3316,331,75',0,0
1117,2833,331,89',0,0
1118,3361,332,10',0,0
1119,3268,332,60',0,0
1120,3395,333,55',0,0
1121,2658,333,58',0,0
1122,2973,333,61',0,0
1123,3396,333,68',0,0
1124,3398,333,76',0,0
1125,2962,333,83',0,0
1126,3293,334,27',0,0
1127,3130,334,76',0,0
1128,2673,335,15',0,0
1129,3418,335,59',0,0
1130,3422,335,84',0,0
1131,2989,335,86',0,0
1132,2911,336,60',0,0
1133,3152,336,61',0,0
1134,2788,337,22',1,0
1135,2776,337,54',0,0
1136,2820,338,28',0,0
1137,2820,338,31',0,0
1138,3142,338,64',0,0
1139,3137,338,70',0,0
1140,3072,339,7',0,0
1141,3072,339,31',0,0
1142,3074,339,35',0,0
1143,3183,339,59',1,0
1144,3174,339,73',0,0
1145,2849,340,66',0,0
1146,3193,340,84',1,0
1147,2748,341,88',1,0
1148,3460,342,10',0,0
1149,3235,343,27',0,0
1150,3361,344,47',0,0
1151,3252,345,39',0,0
1152,2973,346,4',0,0
1153,2973,346,26',0,0
1154,2973,346,53',0,0
1155,2907,347,57',0,0
1156,2897,347,67',0,0
1157,2788,347,83',0,0
1158,3363,349,27',0,0
1159,2796,349,50',0,0
1160,3101,349,68',0,0
1161,3363,349,75',0,0
1162,3425,350,48',0,0
1163,2820,351,11',0,0
1164,3137,351,66',0,0
1165,3134,351,75',0,0
1166,3090,351,89',0,0
1167,3459,352,50',0,0
1168,3056,352,75',0,0
1169,3445,352,82',0,0
1170,3254,353,33',0,0
1171,2848,353,46',0,0
1172,2848,353,68',0,0
1173,3361,353,75',0,0
1174,3254,353,80',0,0
1175,2912,355,5',0,0
1176,3136,355,12',0,0
1177,2912,355,25',0,0
1178,3142,355,68',0,0
1179,2912,355,74',0,0
1180,2912,357,22',0,0
1181,2912,357,73',0,0
1182,3459,358,17',0,0
1183,2845,358,26',1,0
1184,2838,358,92',0,0
1185,3254,358,98',0,0
1186,3057,358,102',0,0
1187,3056,358,108',0,0
1188,3253,359,13',0,0
1189,2659,359,40',0,0
1190,3394,359,44',0,0
1191,2971,359,46',0,0
1192,3258,359,72',0,0
1193,2912,360,57',0,0
1194,2907,360,69',0,0
1195,3306,360,81',0,0
1196,2714,360,83',0,0
1197,3306,361,44',0,0
1198,3548,361,85',0,0
1199,3136,362,62',0,0
1200,3636,363,79',0,0
1201,3097,364,6',0,0
1202,3515,364,18',0,0
1203,3097,364,46',0,0
1204,3824,364,73',0,0
1205,3840,365,2',0,0
1206,3847,365,4',0,0
1207,3846,365,24',1,0
1208,3839,365,66',0,0
1209,3646,365,73',0,1
1210,3431,365,80',0,0
1211,3695,367,23',0,0
1212,2924,367,39',0,0
1213,3118,367,45',0,0
1214,3368,368,6',0,0
1215,3079,368,59',0,0
1216,3785,369,75',0,0
1217,3753,370,35',0,0
1218,3873,371,4',0,0
1219,3900,371,84',0,0
1220,3600,372,57',0,0
1221,3306,373,6',1,0
1222,3091,373,34',0,0
1223,3848,374,53',0,0
1224,3633,374,62',0,0
1225,3557,375,11',0,0
1226,3821,375,70',0,0
1227,3648,376,2',0,0
1228,3647,376,75',0,0
1229,3536,377,66',0,0
1230,3706,379,3',0,0
1231,3753,379,85',0,0
1232,3855,380,1',0,0
1233,3863,380,18',0,0
1234,3742,380,46',0,0
1235,3395,381,68',0,0
1236,3522,382,16',0,0
1237,3527,382,21',1,0
1238,3666,382,59',0,0
1239,3404,383,18',0,0
1240,3892,383,23',0,0
1241,3900,383,49',0,0
1242,3600,384,11',0,0
1243,3596,384,41',0,0
1244,3876,384,45',1,0
1245,3601,384,52',0,0
1246,3600,384,67',0,0
1247,3600,384,80',0,0
1248,3598,384,88',0,0
1249,3637,385,29',0,0
1250,3256,385,62',0,0
1251,2848,385,84',0,0
1252,3426,386,58',0,0
1253,3841,386,74',0,0
1254,3097,387,4',0,0
1255,3507,387,77',0,0
1256,3306,388,17',0,0
1257,3823,388,62',0,0
1258,3306,388,73',0,0
1259,3818,388,82',0,1
1260,3831,388,83',0,0
1261,3695,389,54',0,0
1262,3116,390,30',0,0
1263,3754,390,50',0,0
1264,3528,390,59',0,0
1265,3754,390,76',0,0
1266,3616,391,9',0,0
1267,3616,391,14',0,0
1268,3616,391,34',0,0
1269,3729,392,19',0,0
1270,3729,392,26',0,0
1271,3721,392,62',0,0
1272,3796,392,80',0,0
1273,3862,393,15',0,0
1274,3862,393,68',0,0
1275,3864,393,70',0,0
1276,3536,394,15',0,0
1277,3539,394,42',0,0
1278,3536,394,87',0,0
1279,3598,395,43',1,0
1280,3609,395,62',0,0
1281,3712,397,34',0,0
1282,3708,397,61',0,0
1283,3846,398,27',0,0
1284,3522,398,56',0,0
1285,3846,398,70',0,0
1286,3120,398,77',0,0
1287,3531,398,102',0,0
1288,3527,398,110',0,0
1289,3846,398,111',1,0
1290,3136,399,30',1,0
1291,3539,399,55',0,0
1292,2818,399,79',0,0
1293,3536,399,83',1,0
1294,3514,400,42',0,0
1295,2845,401,15',0,0
1296,3637,401,57',0,0
1297,3467,402,87',0,0
1298,3616,403,31',0,0
1299,3625,403,56',0,0
1300,3616,403,73',0,0
1301,3598,404,33',1,0
1302,3855,404,43',0,0
1303,3855,404,56',0,0
1304,3854,404,68',1,0
1305,3855,404,80',0,0
1306,3855,404,88',1,0
1307,3536,405,17',0,0
1308,2845,405,40',0,0
1309,3091,407,51',0,0
1310,3091,407,55',0,0
1311,3616,407,81',0,0
1312,3120,408,35',0,0
1313,3853,408,85',0,0
1314,3889,409,9',0,0
1315,3892,409,90',0,0
1316,3091,410,51',0,0
1317,3091,410,63',0,0
1318,3120,411,11',0,0
1319,3634,411,27',0,0
1320,3636,411,43',0,0
1321,3527,411,73',0,0
1322,3252,411,104',0,0
1323,3250,411,111',1,0
1324,3506,412,23',0,0
1325,3097,412,56',0,0
1326,3057,412,74',0,0
1327,3892,412,81',0,0
1328,3507,412,84',0,0
1329,3968,413,67',0,0
1330,4145,414,41',0,0
1331,4145,414,55',1,0
1332,3992,415,50',0,0
1333,3991,415,85',0,0
1334,4093,416,78',0,0
1335,4035,417,26',0,0
1336,4032,417,40',1,0
1337,4029,417,50',0,0
1338,4277,417,60',0,0
1339,4035,417,78',0,0
1340,4043,417,90'+3',0,0
1341,3536,418,40',0,0
1342,3536,418,63',0,0
1343,4230,418,79',0,0
1344,3467,419,28',0,0
1345,4307,419,39',0,0
1346,4316,419,55',0,0
1347,3467,419,64',0,0
1348,3892,419,70',0,0
1349,4017,420,49',0,0
1350,3616,421,9',0,0
1351,4127,421,73',0,0
1352,3942,422,53',0,0
1353,3520,422,64',0,0
1354,4106,423,58',0,0
1355,4055,423,83',1,0
1356,3915,425,27',0,0
1357,3507,425,79',0,0
1358,3153,426,76',0,0
1359,3153,426,86',0,0
1360,4156,426,88',0,0
1361,4316,427,75',0,0
1362,4087,428,11',0,0
1363,4032,429,31',1,0
1364,3892,430,35',0,0
1365,4307,430,37',0,0
1366,4243,430,46',0,0
1367,3467,430,47',0,0
1368,4304,430,58',0,0
1369,3892,430,75',0,0
1370,3534,431,33',0,0
1371,4168,432,11',0,0
1372,4161,432,81',1,0
1373,4228,432,86',0,0
1374,3525,435,15',0,0
1375,3522,435,24',0,0
1376,3120,435,47',0,0
1377,4290,435,73',0,0
1378,3865,436,23',0,0
1379,4179,436,43',0,0
1380,3865,436,61',0,0
1381,3865,436,81',0,0
1382,3911,437,62',0,0
1383,4156,437,68',0,0
1384,3845,438,20',0,0
1385,4192,438,29',0,0
1386,3841,438,52',0,0
1387,4188,438,63',0,0
1388,3459,439,88',0,0
1389,4000,439,90'+3',0,0
1390,3482,440,5',0,0
1391,4318,440,9',0,0
1392,4238,440,22',0,0
1393,4318,440,46',0,0
1394,4323,440,90'+3',0,0
1395,3928,441,49',0,0
1396,3929,441,63',0,0
1397,4273,441,83',0,0
1398,4093,442,9',0,0
1399,4089,442,78',0,0
1400,3534,443,81',0,0
1401,4231,444,32',0,0
1402,4006,444,75',0,0
1403,4010,444,87',0,0
1404,3865,445,26',1,0
1405,3532,445,29',0,0
1406,4207,445,38',0,0
1407,4292,446,90'+1',0,0
1408,4074,447,58',0,0
1409,4104,448,11',0,0
1410,4133,448,71',0,0
1411,3153,449,106',0,0
1412,3153,449,108',0,0
1413,3992,449,115',0,0
1414,4035,450,12',0,0
1415,4007,450,55',0,0
1416,4035,450,63',0,0
1417,4034,450,76',0,0
1418,4035,450,82',0,0
1419,3906,451,81',0,0
1420,4307,452,51',0,0
1421,3889,452,85',0,0
1422,4098,452,89',1,0
1423,4093,454,65',0,0
1424,3691,454,83',0,0
1425,4319,455,78',0,0
1426,3863,455,84',0,0
1427,4319,455,93',0,0
1428,4077,456,119',0,0
1429,4093,458,38',0,0
1430,3467,459,25',1,0
1431,4077,460,25',0,0
1432,3150,460,61',1,0
1433,3971,460,65',0,0
1434,3616,460,83',1,0
1435,3616,460,105',1,0
1436,4093,461,17',0,0
1437,3906,461,67',0,0
1438,3889,462,60',0,0
1439,3616,462,80',0,0
1440,4089,463,71',0,0
1441,4077,463,81',0,0
1442,4093,463,86',1,0
1443,3889,464,85',1,0
1444,4307,465,61',0,0
1445,3863,466,51',0,0
1446,4669,466,55',0,0
1447,4185,466,85',0,0
1448,4656,466,90',0,0
1449,4700,467,39',0,0
1450,4268,467,44',0,0
1451,4124,468,11',0,0
1452,4152,469,15',0,0
1453,4148,469,34',0,0
1454,4424,469,43',0,0
1455,4152,469,89',0,0
1456,3942,470,11',0,0
1457,4568,471,84',0,0
1458,4218,472,8',0,0
1459,4417,472,31',0,0
1460,3968,472,47',0,0
1461,4685,472,75',0,0
1462,3954,473,26',0,0
1463,4380,473,52',1,0
1464,4632,474,18',0,0
1465,4525,474,50',0,0
1466,4532,474,86',0,0
1467,4334,475,2',0,0
1468,4334,475,44',0,0
1469,3091,475,60',0,0
1470,4334,475,90',1,0
1471,4669,476,14',0,0
1472,4307,476,48',0,0
1473,4545,477,21',0,0
1474,4550,477,43',0,0
1475,4547,477,55',0,0
1476,4701,478,16',0,0
1477,4148,478,35',0,0
1478,4705,478,52',0,0
1479,4703,478,65',0,0
1480,4703,478,72',0,0
1481,3983,479,35',0,1
1482,4722,479,52',0,0
1483,4424,479,90',0,0
1484,4473,480,69',0,0
1485,4487,482,42',0,0
1486,4487,482,65',0,0
1487,4125,482,84',0,0
1488,3954,483,39',0,0
1489,4383,483,66',0,0
1490,3958,483,73',0,0
1491,4614,484,4',1,0
1492,4230,484,39',1,0
1493,4685,484,60',0,0
1494,4685,484,82',0,0
1495,3939,485,65',0,0
1496,4638,486,7',1,0
1497,4508,486,26',0,0
1498,4632,486,45',0,0
1499,4548,487,8',0,0
1500,3906,487,21',0,0
1501,3906,487,28',0,0
1502,4395,488,5',1,0
1503,4395,488,55',1,0
1504,4396,488,65',0,0
1505,4397,488,90',0,0
1506,4420,489,44',0,0
1507,4422,489,90',0,0
1508,4592,490,18',0,0
1509,4671,491,19',1,0
1510,4676,491,66',0,0
1511,4375,491,67',0,0
1512,4676,491,70',0,0
1513,4307,492,12',0,0
1514,4303,492,20',0,0
1515,4307,492,37',0,0
1516,4183,492,52',0,0
1517,4185,492,63',0,0
1518,3305,493,48',0,0
1519,4485,493,57',0,0
1520,4614,495,15',0,0
1521,4614,495,41',0,0
1522,4614,495,44',1,0
1523,3153,495,46',0,0
1524,4614,495,72',0,0
1525,4614,495,75',0,0
1526,4619,495,81',0,0
1527,4691,496,23',0,0
1528,3954,496,47',0,0
1529,4636,497,5',0,0
1530,4527,498,43',0,0
1531,4514,498,47',0,0
1532,4109,498,77',0,0
1533,4395,499,61',0,0
1534,3548,499,90'+3',0,0
1535,4543,500,45'+2',0,0
1536,4550,500,90'+5',0,0
1537,3892,501,6',0,0
1538,3524,501,8',0,0
1539,4307,501,11',0,0
1540,3892,501,38',0,0
1541,3939,501,90',0,0
1542,4210,502,15',0,0
1543,4680,502,74',0,0
1544,4672,502,86',1,0
1545,4685,503,6',0,0
1546,4691,503,51',0,0
1547,4633,503,85',0,0
1548,4691,503,88',0,0
1549,4155,504,11',0,0
1550,4334,504,16',1,0
1551,4155,504,18',0,0
1552,4148,504,58',0,0
1553,3903,504,75',0,0
1554,4527,505,11',0,0
1555,4525,505,41',0,0
1556,3958,506,72',0,0
1557,4547,507,25',0,0
1558,4089,507,88',0,0
1559,4089,507,102',1,0
1560,4395,508,6',0,0
1561,4486,508,18',1,0
1562,4473,509,25',0,0
1563,4676,509,58',0,0
1564,4089,509,88',0,0
1565,3954,510,53',0,0
1566,3958,510,63',0,0
1567,4527,510,64',0,0
1568,4114,510,76',0,0
1569,3543,510,81',0,0
1570,3467,511,47',1,0
1571,4395,511,75',0,0
1572,4396,511,78',0,0
1573,4230,512,78',0,0
1574,4152,512,88',0,0
1575,4152,512,101',0,0
1576,4691,512,115',0,0
1577,4089,513,21',0,0
1578,4089,513,25',0,0
1579,4395,513,44',1,0
1580,3954,514,80',0,0
1581,4230,515,8',0,0
1582,4690,515,30',0,0
1583,4684,515,37',0,0
1584,4691,515,39',0,0
1585,4778,517,5',0,0
1586,4170,517,38',1,0
1587,5140,517,74',0,1
1588,4506,518,37',0,0
1589,5058,518,45'+1',0,1
1590,5051,518,60',0,0
1591,4575,518,61',0,0
1592,4985,519,10',0,0
1593,4833,519,45'+3',0,0
1594,4833,519,50',0,0
1595,4089,519,84',1,0
1596,4808,520,77',0,0
1597,3924,520,90'+1',0,0
1598,4877,522,69',0,0
1599,4937,523,35',0,0
1600,5178,523,77',0,1
1601,4928,523,90'+2',0,0
1602,4210,524,21',0,0
1603,4557,524,24',0,0
1604,5199,524,47',0,0
1605,3850,524,73',0,1
1606,4551,524,78',0,0
1607,4661,525,27',0,0
1608,5034,525,50',0,0
1609,5039,525,75',0,0
1610,5039,525,84',0,0
1611,4334,527,28',0,0
1612,5246,528,73',0,0
1613,4866,529,27',0,0
1614,5002,529,45',0,0
1615,4323,529,53',0,0
1616,4328,529,69',0,0
1617,4903,530,42',0,0
1618,4910,530,89',0,0
1619,5121,531,45'+1',0,0
1620,4306,532,9',0,0
1621,4307,532,65',0,0
1622,5091,533,46',0,0
1623,5145,533,66',0,0
1624,4386,534,9',0,0
1625,4781,534,45'+2',0,0
1626,3958,534,50',0,0
1627,4833,535,70',0,0
1628,4753,535,90'+2',0,0
1629,4979,536,7',0,0
1630,4985,536,75',0,0
1631,4985,536,89',0,0
1632,4881,537,12',0,0
1633,5174,537,51',0,0
1634,4928,538,37',0,0
1635,4936,538,68',0,0
1636,4928,538,78',0,0
1637,4919,538,85',0,0
1638,4553,539,28',0,0
1639,4328,541,77',0,0
1640,3948,542,42',0,0
1641,3948,542,47',0,0
1642,4486,542,55',1,0
1643,5035,542,62',0,0
1644,5066,543,37',0,0
1645,4524,543,41',0,0
1646,4527,543,71',0,0
1647,5071,543,80',0,0
1648,4526,543,83',0,0
1649,5245,544,13',0,0
1650,4319,544,52',0,0
1651,5246,544,72',0,1
1652,4947,544,78',0,0
1653,4340,545,31',0,0
1654,4340,545,55',0,0
1655,4334,545,73',0,0
1656,4334,545,78',0,0
1657,4334,545,83',1,0
1658,4958,546,40',0,0
1659,4951,546,84',0,0
1660,5237,546,87',0,0
1661,4855,547,82',0,0
1662,4601,548,46',0,0
1663,4914,548,81',0,0
1664,4592,548,90',0,0
1665,4832,549,20',0,0
1666,4810,549,56',0,0
1667,4985,550,48',0,0
1668,4089,550,90',0,0
1669,3935,550,90'+2',1,0
1670,3958,551,78',0,0
1671,5087,551,83',0,0
1672,4568,551,89',1,0
1673,5055,552,23',0,0
1674,5051,552,46',0,0
1675,5055,552,85',0,0
1676,4922,553,12',1,0
1677,3601,553,42',1,0
1678,4933,553,56',0,0
1679,5166,554,18',0,0
1680,4638,554,45'+2',1,0
1681,5133,554,74',1,0
1682,5166,554,90'+3',1,0
1683,5100,555,1',0,0
1684,5082,555,11',0,0
1685,5110,555,58',0,0
1686,5104,555,86',0,0
1687,4210,556,6',1,0
1688,4680,556,18',0,0
1689,5197,556,55',0,0
1690,4394,556,58',0,0
1691,5197,556,81',0,0
1692,4802,556,88',0,1
1693,5206,556,90'+4',0,0
1694,4348,557,7',0,0
1695,5185,557,72',0,0
1696,5066,558,4',0,0
1697,4526,558,18',0,0
1698,5034,558,75',0,0
1699,5039,558,90'+4',0,0
1700,4947,559,50',0,0
1701,4307,559,57',0,0
1702,5247,560,4',0,0
1703,4735,561,36',0,0
1704,4997,562,39',0,0
1705,4997,562,54',0,0
1706,5017,562,74',0,0
1707,4908,563,20',0,0
1708,4901,563,29',0,0
1709,5222,564,12',1,0
1710,4601,564,71',0,0
1711,4985,565,18',0,0
1712,4778,566,11',0,0
1713,4778,566,26',0,0
1714,4386,566,45'+3',1,0
1715,4833,566,70',0,0
1716,4386,566,72',0,0
1717,4921,567,114',0,0
1718,4891,568,3',0,0
1719,4884,568,12',0,0
1720,4892,568,58',0,0
1721,4880,568,76',0,0
1722,5081,568,77',0,0
1723,5039,569,47',0,0
1724,4307,569,74',0,0
1725,4947,569,86',0,0
1726,4527,570,38',0,0
1727,5247,570,48',0,0
1728,5070,570,90'+2',0,0
1729,4328,571,45'+2',1,0
1730,4334,572,5',1,0
1731,4903,572,9',1,0
1732,4914,572,16',0,0
1733,4748,572,45'+1',0,0
1734,4894,574,2',0,0
1735,3958,574,10',0,0
1736,4781,574,25',0,0
1737,4884,574,50',0,0
1738,4781,574,59',0,0
1739,5064,575,12',0,0
1740,4737,575,17',0,0
1741,4527,575,90',0,0
1742,4325,576,45'+3',0,0
1743,4871,576,80',0,0
1744,4328,576,85',0,0
1745,4386,577,46',0,0
1746,5064,577,87',0,0
1747,4328,578,46',0,0
1748,4931,578,47',0,0
1749,4931,578,70',0,0
1750,4323,579,14',0,0
1751,5067,579,22',0,0
1752,4328,579,36',0,0
1753,4926,580,27',0,0
1754,4926,580,45'+1',0,0
1755,4933,580,90'+3',0,0
1756,5626,581,30',0,0
1757,4810,582,39',0,0
1758,5564,582,52',0,0
1759,5370,583,45',0,0
1760,5773,583,47',0,0
1761,5370,583,83',0,0
1762,5434,584,20',0,0
1763,5434,584,25',0,0
1764,5435,584,40',0,0
1765,5432,584,45'+1',0,0
1766,5434,584,70',0,0
1767,5427,584,73',0,0
1768,4947,584,84',0,0
1769,5440,584,90'+1',0,0
1770,4334,585,63',0,0
1771,5504,586,39',0,0
1772,5097,586,55',0,0
1773,5663,586,63',0,0
1774,5164,586,90'+1',1,0
1775,4896,587,24',0,0
1776,5707,587,59',0,0
1777,5199,588,44',0,0
1778,5698,588,74',0,0
1779,5651,588,82',0,0
1780,4210,588,87',1,0
1781,5035,589,60',1,0
1782,5744,590,45'+2',0,0
1783,4386,590,50',0,0
1784,4781,590,87',1,0
1785,4985,591,7',0,0
1786,4985,591,27',0,0
1787,5341,592,61',0,0
1788,5334,592,65',0,0
1789,3948,593,57',0,0
1790,5461,593,59',0,0
1791,5459,593,67',0,0
1792,5271,593,75',0,0
1793,4183,594,26',0,0
1794,5185,594,53',0,0
1795,5582,595,59',0,0
1796,4615,595,64',1,0
1797,5759,596,4',0,0
1798,5538,596,29',0,1
1799,5237,596,36',0,0
1800,5558,596,39',0,0
1801,5233,596,71',0,1
1802,5434,597,19',0,0
1803,5566,597,90'+2',0,0
1804,5370,598,16',1,0
1805,5622,598,52',0,0
1806,4811,599,66',0,0
1807,5494,601,27',0,0
1808,4684,601,35',0,0
1809,4684,601,63',1,0
1810,5689,602,10',0,1
1811,5197,602,53',0,0
1812,5197,602,69',0,0
1813,4210,602,83',1,0
1814,4901,603,44',1,0
1815,5664,604,4',0,0
1816,4985,605,55',0,0
1817,5363,605,73',0,0
1818,5356,605,76',0,0
1819,4779,606,15',0,0
1820,4781,606,32',0,0
1821,5287,606,45',1,0
1822,4386,606,55',0,0
1823,5392,607,5',0,0
1824,5478,607,28',0,0
1825,5476,607,57',0,0
1826,5754,608,56',0,0
1827,5342,608,86',0,0
1828,5459,609,51',0,0
1829,5761,610,24',0,0
1830,5681,610,78',0,0
1831,3948,611,13',0,0
1832,5726,611,17',0,0
1833,5545,612,14',0,0
1834,5545,612,65',0,0
1835,5545,612,77',0,0
1836,5546,612,88',0,0
1837,5377,613,22',0,0
1838,5370,613,67',0,0
1839,5617,614,20',1,0
1840,5626,614,26',0,0
1841,5626,614,38',0,0
1842,5785,614,46',0,0
1843,5788,614,69',0,0
1844,5787,614,88',1,0
1845,5438,615,50',0,0
1846,5434,615,79',0,0
1847,5566,616,7',0,0
1848,5570,616,61',0,0
1849,5565,616,87',0,0
1850,5708,618,59',0,0
1851,4745,618,88',0,0
1852,5648,619,45'+1',0,0
1853,5513,619,65',0,0
1854,5116,619,73',0,0
1855,5513,619,84',0,0
1856,5199,620,4',0,0
1857,5174,620,31',0,0
1858,5697,620,45'+1',0,0
1859,5176,620,53',0,0
1860,5199,620,56',0,0
1861,4386,621,10',0,0
1862,4386,621,13',0,0
1863,5284,621,38',0,0
1864,5339,621,39',0,0
1865,5341,621,56',0,0
1866,4781,621,62',0,0
1867,5291,621,64',0,0
1868,5744,622,6',0,0
1869,5736,622,9',0,0
1870,5755,622,85',0,0
1871,5400,623,48',0,0
1872,5478,624,34',0,0
1873,4977,624,85',0,0
1874,5270,625,7',0,0
1875,4616,625,52',0,0
1876,5269,625,78',0,0
1877,3948,625,82',0,0
1878,5592,625,88',0,0
1879,5023,626,48',0,0
1880,5016,626,75',0,0
1881,5524,627,3',0,0
1882,5522,627,5',0,0
1883,5527,627,66',0,0
1884,5766,627,83',0,0
1885,5682,628,70',0,0
1886,5431,629,88',0,0
1887,4915,630,5',0,0
1888,4914,630,22',0,0
1889,5409,630,44',0,0
1890,4684,631,11',0,0
1891,5614,631,37',0,0
1892,5614,631,104',0,0
1893,5197,632,8',0,0
1894,5566,632,90',1,0
1895,5237,633,8',0,0
1896,5766,633,65',0,0
1897,4781,634,67',0,0
1898,4386,634,87',0,0
1899,5755,635,12',0,0
1900,4985,636,18',0,0
1901,5675,636,88',0,0
1902,5681,636,117',0,0
1903,4914,637,23',0,0
1904,4781,637,45'+2',0,0
1905,5287,637,50',0,0
1906,5435,638,39',0,0
1907,5750,640,94',0,0
1908,5435,641,75',0,0
1909,4386,642,49',0,0
1910,5742,643,1',0,0
1911,5677,643,9',0,0
1912,5750,643,13',0,0
1913,5750,643,32',0,0
1914,5683,643,90'+3',0,0
1915,4386,644,67',0,0
1916,4386,644,79',0,0
1917,5961,645,6',0,0
1918,5339,645,12',0,0
1919,5434,645,17',0,0
1920,5434,645,61',0,0
1921,5339,645,73',0,0
1922,5442,645,87',0,0
1923,5399,646,24',0,0
1924,5392,646,80',0,0
1925,5099,647,3',0,1
1926,4745,649,24',0,0
1927,5818,649,38',0,0
1928,6035,649,82',0,0
1929,6081,650,18',0,0
1930,6071,651,28',0,0
1931,5992,651,36',0,0
1932,6071,651,76',0,0
1933,6062,651,79',0,0
1934,5545,652,4',0,0
1935,6052,653,26',0,0
1936,5836,653,84',0,0
1937,5836,653,89',0,0
1938,5847,653,90'+2',0,0
1939,5900,654,5',0,0
1940,5901,654,36',0,0
1941,5901,654,76',0,0
1942,6023,655,40',0,0
1943,6019,655,83',0,0
1944,6252,656,31',0,0
1945,5678,656,54',0,0
1946,5681,656,72',0,0
1947,5297,658,44',0,0
1948,6195,659,13',0,0
1949,6200,659,17',0,0
1950,6200,659,48',1,0
1951,6190,659,81',0,0
1952,5723,660,23',0,0
1953,6150,660,57',0,0
1954,4638,660,84',0,0
1955,5728,660,90'+2',0,0
1956,5431,661,90'+1',0,0
1957,5399,662,8',0,0
1958,5392,662,54',0,0
1959,5390,662,90'+2',0,0
1960,5939,663,83',0,0
1961,5930,663,90'+1',0,0
1962,5709,664,89',0,0
1963,5827,665,6',0,0
1964,5816,665,31',0,0
1965,5827,665,41',0,0
1966,4745,665,78',0,0
1967,5821,665,84',0,0
1968,5828,665,88',0,0
1969,6086,666,23',0,0
1970,6079,666,27',0,0
1971,6038,666,38',0,0
1972,6138,668,63',0,0
1973,6135,668,80',1,0
1974,5969,669,2',0,0
1975,5977,669,82',0,0
1976,6016,670,22',0,0
1977,6011,670,27',0,1
1978,5857,672,49',0,0
1979,5864,672,90',0,0
1980,4928,673,9',0,0
1981,5682,673,81',0,0
1982,6221,674,16',0,0
1983,6228,674,88',0,0
1984,6304,675,4',0,0
1985,6309,675,36',0,0
1986,6305,675,46',0,0
1987,6317,675,84',0,0
1988,6289,676,8',0,0
1989,5199,676,71',0,0
1990,6190,676,76',0,0
1991,6190,676,90'+1',1,0
1992,5341,677,25',0,0
1993,6120,677,33',0,0
1994,6120,677,65',0,0
1995,5434,678,4',0,0
1996,5434,678,44',0,0
1997,5964,678,57',0,0
1998,6263,679,25',0,1
1999,5513,679,86',0,0
2000,5413,680,34',0,0
2001,5710,680,51',0,0
2002,5930,680,85',0,0
2003,4684,680,90',0,0
2004,5806,681,60',0,0
2005,5991,681,75',0,0
2006,6136,682,6',0,0
2007,6129,682,24',1,0
2008,6069,682,29',0,0
2009,6169,683,10',0,0
2010,6172,683,20',0,0
2011,6039,683,37',1,0
2012,6039,683,67',0,0
2013,6032,683,86',1,0
2014,5456,685,26',0,0
2015,4983,685,87',0,0
2016,5989,686,22',0,0
2017,6325,686,43',0,0
2018,5976,686,45'+2',1,0
2019,5881,687,2',0,0
2020,5835,687,38',1,0
2021,5359,687,56',0,0
2022,5842,687,79',0,0
2023,6057,688,34',0,0
2024,4386,688,45'+1',0,0
2025,5863,688,53',0,0
2026,5861,688,59',0,0
2027,4386,688,81',0,0
2028,6199,689,36',0,0
2029,6305,690,70',1,0
2030,6216,691,23',0,0
2031,6221,691,77',0,0
2032,4920,692,55',0,0
2033,4928,692,61',0,0
2034,5964,693,4',0,0
2035,5964,693,12',0,0
2036,5474,694,6',0,0
2037,4745,694,10',0,0
2038,5827,694,98',0,0
2039,4901,695,60',0,0
2040,6136,696,23',0,0
2041,5448,697,90'+5',1,0
2042,4386,699,5',0,0
2043,5857,699,45'+1',0,0
2044,4787,699,84',0,0
2045,6200,700,28',1,0
2046,5953,700,41',0,0
2047,4920,700,83',0,0
2048,4926,700,90'+2',0,0
2049,4734,701,49',0,0
2050,5434,701,80',0,0
2051,5454,702,6',0,0
2052,6015,702,59',0,0
2053,6015,702,69',0,0
2054,4928,704,57',0,0
2055,6012,705,119',0,0
2056,4977,705,120'+1',0,0
2057,4926,706,33',1,0
2058,5958,707,56',0,0
2059,5556,707,60',0,1
2060,5958,707,78',0,0
2061,5557,707,88',0,0
2062,4926,708,7',1,0
2063,5456,708,19',0,0
2064,6779,709,55',0,0
2065,5474,709,79',0,0
2066,6800,711,7',0,0
2067,5682,711,52',0,0
2068,5817,712,6',0,0
2069,5930,713,4',0,0
2070,6325,713,40',0,0
2071,6758,714,79',0,0
2072,5969,715,85',1,0
2073,5964,716,8',0,0
2074,5434,716,26',0,0
2075,6485,716,68',0,0
2076,6489,716,70',0,0
2077,6437,717,46',0,1
2078,6078,717,85',0,0
2079,6591,718,39',0,0
2080,6692,719,39',0,0
2081,6013,719,63',0,0
2082,6738,720,50',0,0
2083,6620,720,90'+3',0,0
2084,6380,722,55',0,0
2085,6383,722,72',0,0
2086,6664,722,89',0,0
2087,6427,723,34',0,0
2088,6825,724,52',0,0
2089,5788,725,24',0,0
2090,5788,725,80',1,0
2091,6857,725,90'+5',0,0
2092,6178,726,17',0,1
2093,6361,726,33',0,0
2094,6802,726,45'+1',0,0
2095,6361,726,76',0,0
2096,6361,726,80',0,0
2097,6646,727,16',0,0
2098,6520,727,44',0,0
2099,6521,727,71',0,0
2100,6598,728,64',0,0
2101,5035,728,79',1,0
2102,6719,729,38',0,0
2103,6760,730,13',0,0
2104,6759,730,42',0,0
2105,5766,730,48',0,0
2106,6834,730,82',0,0
2107,6089,732,53',0,0
2108,6372,733,11',0,0
2109,5969,733,25',1,0
2110,4811,734,10',0,0
2111,6441,734,33',0,0
2112,5377,734,61',0,0
2113,6686,735,27',0,0
2114,6100,735,86',0,0
2115,6625,736,7',0,0
2116,6019,736,29',1,0
2117,6384,737,25',0,0
2118,6384,737,50',0,0
2119,6383,737,62',0,0
2120,6035,737,79',0,0
2121,6704,738,29',0,0
2122,6129,738,53',0,0
2123,6706,738,56',0,0
2124,6137,738,60',0,0
2125,6699,738,81',0,0
2126,6135,738,87',0,0
2127,6137,738,89',0,0
2128,6423,739,75',0,0
2129,6200,740,17',0,0
2130,6200,740,51',0,0
2131,6789,741,20',0,0
2132,6780,741,37',0,0
2133,5946,741,70',0,0
2134,6856,742,43',0,0
2135,6357,743,77',0,0
2136,6366,743,89',0,0
2137,6646,744,12',0,0
2138,6800,744,38',0,0
2139,6178,744,49',0,0
2140,6642,744,69',1,0
2141,6460,745,23',0,0
2142,5766,746,90'+1',0,0
2143,5836,747,69',0,0
2144,6372,747,73',0,0
2145,6715,747,84',0,0
2146,6482,748,60',0,0
2147,6738,750,25',0,0
2148,6738,750,73',0,0
2149,6557,750,81',0,0
2150,6747,750,89',0,0
2151,6563,750,90'+2',0,0
2152,6086,751,36',0,0
2153,4811,751,65',1,0
2154,6615,751,83',0,0
2155,6591,752,17',0,0
2156,6050,752,30',0,0
2157,5370,752,81',0,0
2158,6584,752,87',0,0
2159,6043,753,14',0,0
2160,6046,753,20',0,0
2161,6570,753,82',0,0
2162,6200,755,24',0,0
2163,6194,755,37',0,0
2164,6432,755,47',0,0
2165,6856,757,8',0,0
2166,6802,757,68',0,0
2167,6856,757,80',0,0
2168,6506,758,5',0,0
2169,5766,758,62',1,0
2170,5969,758,93',0,0
2171,5434,759,20',0,0
2172,5964,759,32',0,0
2173,6457,759,37',0,0
2174,6485,759,67',0,0
2175,6485,759,70',0,0
2176,5821,760,26',0,0
2177,6361,760,33',0,0
2178,5821,760,52',0,0
2179,6598,760,71',0,0
2180,6081,761,18',0,0
2181,6089,761,84',0,0
2182,6738,761,90'+4',1,0
2183,5856,762,35',0,0
2184,6384,762,38',0,0
2185,5866,762,59',0,0
2186,6200,764,63',0,0
2187,5866,765,10',0,0
2188,6089,765,53',0,0
2189,6089,765,68',0,0
2190,5977,766,45'+2',0,0
2191,5788,766,55',0,0
2192,6485,767,3',0,0
2193,5434,767,68',0,0
2194,5955,767,74',0,0
2195,5434,767,89',0,0
2196,6200,768,83',0,0
2197,5072,769,18',0,0
2198,5788,769,41',0,0
2199,6089,769,70',0,0
2200,6081,769,73',0,0
2201,6861,769,90'+2',0,0
2202,5689,770,73',0,0
2203,6485,771,19',0,0
2204,6854,771,28',0,0
2205,5788,771,51',0,0
2206,5954,771,56',0,0
2207,6481,771,82',0,0
2208,6194,772,116',0,0
2209,6963,773,12',0,1
2210,6966,773,29',0,0
2211,6966,773,71',1,0
2212,6967,773,90'+1',0,0
2213,7238,774,61',0,0
2214,6195,775,27',1,0
2215,6086,775,44',0,0
2216,6081,775,53',0,0
2217,7244,775,64',0,0
2218,6086,775,72',0,0
2219,6081,775,80',0,0
2220,6419,776,12',0,0
2221,6422,776,14',0,0
2222,5836,776,35',0,0
2223,6427,776,90'+2',0,0
2224,7005,777,5',0,0
2225,7007,777,58',0,0
2226,7008,777,90'+3',0,0
2227,6854,778,24',1,0
2228,7027,778,54',0,0
2229,7025,778,57',0,0
2230,7039,778,84',0,0
2231,6561,779,35',0,0
2232,7083,779,37',0,0
2233,7191,779,50',0,0
2234,6591,780,16',0,0
2235,7205,780,64',0,0
2236,6572,780,66',0,0
2237,7070,781,22',0,0
2238,7342,781,48',0,0
2239,7336,781,90'+3',0,0
2240,7102,782,45',1,0
2241,6547,782,48',0,1
2242,7102,782,72',0,0
2243,6941,783,3',0,1
2244,5828,783,65',0,0
2245,6945,783,85',0,0
2246,6485,784,12',1,0
2247,7117,784,32',0,0
2248,6485,784,45'+1',0,0
2249,6485,784,78',0,0
2250,6325,786,1',0,0
2251,6498,786,82',0,0
2252,7349,786,86',0,0
2253,6873,787,25',1,0
2254,6922,787,70',0,0
2255,6928,787,80',0,0
2256,7317,789,68',0,0
2257,5586,789,74',0,0
2258,6081,790,20',0,0
2259,5836,790,21',0,0
2260,6373,790,54',1,0
2261,6086,790,58',0,0
2262,7256,790,68',0,0
2263,6991,791,20',0,0
2264,6996,791,43',0,0
2265,5363,792,11',0,0
2266,7044,792,48',0,0
2267,7055,792,61',0,0
2268,7055,792,73',0,0
2269,7008,793,64',0,0
2270,7018,793,70',0,0
2271,6572,793,73',0,0
2272,6856,794,39',0,0
2273,5933,794,75',0,0
2274,6856,794,85',0,0
2275,7028,796,44',0,0
2276,7101,797,17',0,0
2277,7106,797,18',0,0
2278,6474,797,40',0,0
2279,7102,797,67',0,0
2280,7109,797,73',0,0
2281,6227,797,81',0,0
2282,7337,797,87',0,0
2283,7160,798,31',0,0
2284,7070,798,34',0,0
2285,7070,798,65',0,0
2286,5828,799,90'+1',0,0
2287,7122,800,51',0,0
2288,6498,800,54',0,0
2289,5969,800,63',0,0
2290,5434,800,71',0,0
2291,6645,801,29',0,0
2292,6930,802,88',0,0
2293,6875,803,26',0,0
2294,6337,803,28',0,0
2295,6880,803,38',0,0
2296,7316,803,50',0,0
2297,6874,803,62',0,0
2298,7319,803,72',0,0
2299,7284,804,5',0,0
2300,7353,804,64',0,0
2301,6325,804,81',0,0
2302,7285,804,90'+5',0,0
2303,6200,805,36',0,0
2304,6190,805,69',0,0
2305,6810,805,82',0,0
2306,7254,806,77',0,0
2307,7256,806,90'+2',0,0
2308,6966,807,17',0,0
2309,6410,807,26',0,0
2310,6966,807,35',0,0
2311,5864,807,49',0,0
2312,6962,807,84',0,0
2313,5474,808,72',0,0
2314,6070,808,75',0,0
2315,6598,808,82',0,0
2316,7044,808,87',0,0
2317,6850,810,81',0,0
2318,7009,811,17',1,0
2319,6584,811,45'+1',0,0
2320,7019,811,55',0,0
2321,7019,811,82',0,0
2322,7008,811,90',0,0
2323,7152,812,42',0,0
2324,7205,812,74',0,0
2325,6513,812,90'+3',1,0
2326,6947,813,23',0,0
2327,6944,813,59',0,0
2328,7178,813,82',0,0
2329,6938,813,83',0,0
2330,5828,814,3',0,0
2331,7262,814,4',0,0
2332,5828,814,45'+1',0,0
2333,7262,814,47',0,0
2334,6893,814,50',0,0
2335,6832,815,6',0,0
2336,6832,815,31',0,0
2337,6832,815,71',0,0
2338,7138,817,31',0,1
2339,5969,817,57',0,0
2340,6135,817,80',0,0
2341,6485,818,55',0,0
2342,7296,819,6',0,0
2343,6875,819,60',0,0
2344,6919,820,78',0,0
2345,6961,821,18',0,0
2346,6419,821,32',0,0
2347,7008,822,28',0,0
2348,7008,822,50',0,0
2349,6601,823,48',0,0
2350,6089,823,88',0,0
2351,6615,823,90'+4',1,0
2352,7028,824,52',0,0
2353,6525,824,90'+1',0,0
2354,7110,825,79',0,0
2355,5485,825,90'+2',0,1
2356,7118,826,92',0,0
2357,6482,826,120',0,0
2358,6880,826,120'+1',0,0
2359,6360,827,118',0,0
2360,6921,828,93',0,0
2361,6923,828,105',0,0
2362,7356,828,107',0,0
2363,7117,829,13',0,0
2364,6387,830,7',0,0
2365,6961,830,69',0,0
2366,7008,830,80',1,0
2367,6361,831,8',0,0
2368,6485,833,11',0,0
2369,5434,833,23',0,0
2370,6488,833,24',0,0
2371,6488,833,26',0,0
2372,6481,833,29',0,0
2373,7118,833,69',0,0
2374,7118,833,79',0,0
2375,6967,833,90',0,0
2376,6086,835,3',1,0
2377,7246,835,17',0,0
2378,7255,835,90'+1',0,0
2379,7122,836,113',0,0
2380,7737,837,12',0,0
2381,7735,837,43',0,0
2382,7747,837,71',0,0
2383,7735,837,90'+1',0,0
2384,7744,837,90'+4',0,0
2385,7367,838,89',0,0
2386,7628,839,90'+5',0,1
2387,6135,840,4',1,0
2388,7332,840,24',0,0
2389,6135,840,44',0,0
2390,7332,840,55',0,0
2391,7830,840,58',0,0
2392,6135,840,88',0,0
2393,7103,841,58',1,0
2394,6373,841,62',1,0
2395,7394,841,81',0,1
2396,6364,842,19',0,0
2397,7560,842,23',0,0
2398,7476,843,59',0,0
2399,7637,844,32',0,1
2400,5886,844,71',1,0
2401,6710,845,56',0,0
2402,7607,846,35',0,0
2403,7418,847,20',0,0
2404,7870,847,50',0,0
2405,7844,848,65',1,0
2406,6928,849,47',0,0
2407,6923,849,69',0,0
2408,6923,849,75',0,0
2409,7510,850,11',0,0
2410,7884,850,35',1,0
2411,7510,850,90'+1',0,0
2412,7218,851,6',1,0
2413,7018,851,39',0,0
2414,7223,851,73',0,0
2415,7698,852,37',0,1
2416,7790,852,60',0,0
2417,7704,852,86',0,0
2418,7486,853,47',0,1
2419,7735,853,59',0,0
2420,7747,853,62',0,0
2421,7489,853,73',1,0
2422,6135,854,4',0,0
2423,6856,855,23',0,0
2424,7332,856,54',0,0
2425,6450,857,7',0,0
2426,6373,857,38',1,0
2427,7525,858,34',0,0
2428,7054,859,53',0,0
2429,5886,859,80',0,0
2430,7047,859,90'+1',0,0
2431,7418,860,90'+1',0,0
2432,6966,860,90'+7',0,0
2433,7262,861,49',0,0
2434,7262,861,75',0,0
2435,7800,862,5',0,0
2436,7337,862,52',0,0
2437,6832,862,90',0,0
2438,6924,863,6',1,0
2439,6923,863,16',0,0
2440,7882,863,18',0,0
2441,6923,863,45'+3',0,0
2442,6924,863,51',0,0
2443,7408,863,90',0,0
2444,7881,863,90'+3',0,0
2445,6596,864,26',1,0
2446,6598,864,66',0,0
2447,7316,864,90'+3',0,0
2448,7860,865,32',0,0
2449,7540,865,48',0,0
2450,6488,865,90'+5',0,0
2451,7507,866,8',0,0
2452,7510,866,22',1,0
2453,7509,866,36',0,0
2454,7507,866,40',0,0
2455,7510,866,45'+1',1,0
2456,7510,866,62',0,0
2457,7671,866,78',0,0
2458,7781,867,11',0,0
2459,7597,867,34',0,0
2460,7793,867,71',0,0
2461,6591,867,78',0,0
2462,7430,868,40',0,0
2463,7429,868,70',0,0
2464,7009,868,75',0,0
2465,7489,869,22',0,0
2466,7755,869,45'+6',1,0
2467,7766,869,90'+5',0,0
2468,6856,870,10',0,0
2469,7735,870,23',0,1
2470,6854,870,90',0,0
2471,7621,871,14',0,0
2472,7840,871,19',0,0
2473,7627,871,81',0,0
2474,7838,871,90'+1',0,0
2475,7730,872,45',0,0
2476,7173,872,90'+3',1,0
2477,7689,873,18',0,0
2478,7680,873,50',0,0
2479,7053,875,53',0,0
2480,7559,875,76',1,0
2481,7044,875,90',0,0
2482,5828,876,14',0,0
2483,7265,876,51',1,0
2484,6893,876,86',0,0
2485,7313,877,90'+2',0,0
2486,7316,877,90'+6',0,0
2487,7846,878,50',0,0
2488,7844,878,62',1,0
2489,7606,878,74',0,1
2490,6965,879,36',0,0
2491,6387,879,68',0,0
2492,6227,880,31',0,0
2493,7446,880,56',0,0
2494,7343,880,88',0,0
2495,7338,880,90'+3',0,1
2496,7699,881,59',0,0
2497,7430,882,74',0,0
2498,6933,883,51',0,0
2499,7875,884,33',0,1
2500,7879,884,51',0,0
2501,7881,884,66',0,0
2502,7103,885,13',1,0
2503,6360,885,41',0,0
2504,7372,885,48',0,0
2505,7521,885,57',0,0
2506,7525,885,64',0,0
2507,7525,885,68',0,0
2508,6364,885,90'+3',0,0
2509,6854,886,7',0,0
2510,6703,886,55',0,0
2511,6854,886,62',0,0
2512,7291,887,12',0,1
2513,7747,887,41',1,0
2514,7469,888,1',0,0
2515,7055,888,4',0,0
2516,6966,889,51',0,0
2517,7423,889,88',0,0
2518,7593,890,48',0,0
2519,7597,890,52',0,0
2520,6919,890,69',0,0
2521,6922,890,74',0,0
2522,6935,890,90'+4',0,0
2523,7850,891,66',0,0
2524,7510,892,57',1,0
2525,7430,892,90'+3',0,0
2526,7097,893,40',0,0
2527,7103,893,61',0,0
2528,6962,894,13',0,1
2529,6921,894,31',0,0
2530,7416,894,76',0,0
2531,7508,895,30',0,0
2532,7517,895,59',0,0
2533,7735,896,31',0,0
2534,7452,896,39',0,0
2535,7058,896,101',0,0
2536,7733,896,115',0,0
2537,7523,897,51',0,0
2538,7512,898,5',0,0
2539,7044,898,68',0,0
2540,7055,898,109',0,0
2541,7404,899,4',0,0
2542,6924,899,82',0,0
2543,7055,900,18',0,1
2544,7044,900,28',0,0
2545,7103,900,38',1,0
2546,7110,900,59',0,0
2547,7525,900,65',0,0
2548,7055,900,69',0,0
2549,7070,901,16',1,0
2550,7070,901,31',0,0
2551,8098,902,35',0,0
2552,8094,902,43',0,0
2553,7091,902,45'+1',0,0
2554,8094,902,62',0,0
2555,7584,902,65',0,0
2556,7516,902,71',0,0
2557,8091,902,90',0,0
2558,7584,902,90'+13',1,0
2559,8224,903,84',0,0
2560,8229,903,90'+9',0,0
2561,8439,904,36',0,0
2562,8467,904,82',1,0
2563,5828,905,10',1,0
2564,8305,905,48',0,0
2565,7766,905,53',0,0
2566,7939,908,9',0,0
2567,8109,908,27',0,0
2568,7101,908,32',0,0
2569,7525,908,68',0,0
2570,7101,908,71',0,0
2571,7548,910,33',1,0
2572,8168,910,75',0,0
2573,8177,910,83',0,0
2574,8382,911,11',0,0
2575,7839,911,21',0,0
2576,8374,911,31',1,0
2577,8374,911,54',0,0
2578,8373,911,74',0,0
2579,8381,911,90',0,0
2580,8372,911,90'+2',0,0
2581,7408,912,44',0,0
2582,7867,913,48',0,0
2583,6135,915,65',1,0
2584,6498,915,73',0,0
2585,8259,915,78',0,0
2586,8262,915,80',0,0
2587,8140,915,89',0,0
2588,7955,916,62',0,0
2589,7955,916,73',0,0
2590,7575,917,90'+8',0,0
2591,7588,917,90'+11',0,0
2592,8321,918,41',0,0
2593,8330,918,48',0,0
2594,8281,918,78',0,0
2595,8331,918,84',0,0
2596,8224,919,6',0,0
2597,7070,919,49',0,0
2598,7934,921,23',0,0
2599,7713,922,39',0,0
2600,7703,922,82',0,0
2601,7525,923,61',0,0
2602,7464,923,68',0,0
2603,7525,923,86',0,0
2604,5828,924,64',0,0
2605,7923,924,87',0,0
2606,8020,925,81',0,0
2607,7614,926,73',0,0
2608,8207,926,90'+2',0,0
2609,8010,927,2',0,0
2610,7452,927,36',0,0
2611,8040,927,44',0,0
2612,7452,927,70',0,0
2613,8037,927,90'+4',0,0
2614,8372,928,62',0,0
2615,8121,928,83',0,0
2616,7986,929,29',0,0
2617,8336,929,45'+1',0,0
2618,7810,929,45'+3',0,0
2619,7800,929,53',0,0
2620,6412,929,63',0,0
2621,6402,929,66',0,0
2622,8135,930,24',0,0
2623,8149,930,34',0,0
2624,8355,930,58',0,0
2625,8355,930,61',0,0
2626,8149,930,68',0,0
2627,7413,931,83',0,0
2628,7726,932,54',0,0
2629,7726,932,90'+3',1,0
2630,7789,933,44',1,0
2631,8086,933,67',0,0
2632,7774,933,70',0,0
2633,8224,934,26',0,0
2634,8235,934,49',0,0
2635,8428,935,38',0,0
2636,7516,936,50',0,0
2637,8096,936,51',0,0
2638,7516,936,68',0,0
2639,6902,937,60',0,0
2640,7881,938,58',0,0
2641,7920,939,46',0,0
2642,7912,939,67',0,0
2643,8195,940,47',0,0
2644,8197,940,52',0,0
2645,7766,940,90'+5',0,0
2646,7615,941,4',0,0
2647,7627,941,23',0,0
2648,8201,941,40',0,1
2649,8122,943,10',0,0
2650,7035,943,58',0,0
2651,8019,943,70',0,0
2652,8120,943,73',0,0
2653,8120,943,85',0,0
2654,8121,943,89',0,0
2655,8372,944,11',0,0
2656,8168,944,48',0,0
2657,8176,944,51',0,0
2658,7899,945,26',0,0
2659,7899,945,32',0,0
2660,8267,946,5',0,0
2661,7313,946,27',0,0
2662,7819,946,90'+1',0,0
2663,6412,947,90'+2',0,0
2664,6832,948,20',0,0
2665,7800,948,26',0,0
2666,8343,948,35',0,0
2667,7867,948,44',0,0
2668,7868,948,48',0,0
2669,7256,949,10',0,0
2670,7246,949,45'+1',0,0
2671,8437,949,76',0,0
2672,8236,949,81',0,0
2673,5828,950,35',0,0
2674,7912,950,57',0,0
2675,7923,950,77',0,1
2676,7101,951,44',0,0
2677,7525,951,74',0,0
2678,7525,951,90'+1',0,0
2679,7703,951,90'+9',1,0
2680,7087,952,38',0,0
2681,7510,952,45'+3',0,0
2682,8094,952,57',0,0
2683,8182,953,43',0,0
2684,7044,953,55',0,0
2685,7963,954,7',0,0
2686,6966,954,13',1,0
2687,7955,954,29',0,0
2688,7954,954,36',0,0
2689,8354,954,76',0,0
2690,8272,956,17',0,0
2691,6703,956,33',0,0
2692,8272,956,51',0,0
2693,7718,956,55',0,0
2694,7866,956,58',0,0
2695,8272,956,67',0,0
2696,8262,956,90'+2',0,0
2697,6966,957,105'+1',0,0
2698,8042,957,117',0,0
2699,7925,958,35',0,0
2700,5828,958,73',1,0
2701,8233,958,83',0,0
2702,8233,958,90'+11',0,0
2703,7627,959,42',0,0
2704,8106,960,17',0,0
2705,7510,960,54',1,0
2706,7101,960,78',0,0
2707,5828,961,34',1,0
2708,7912,961,39',0,0
2709,7912,961,69',0,0
2710,8114,962,5',0,0
2711,8107,962,79',0,0
2712,8046,963,7',0,0
2713,8212,963,9',0,0
2714,8044,963,42',0,0
2715,5828,964,23',1,0
2716,6360,964,36',0,0
2717,7525,964,80',1,0
2718,7525,964,81',0,0
2719,5828,964,108',0,0
2720,7525,964,118',1,0
